ProductionVolume,ProductionCost,SupplierQuality,DeliveryDelay,DefectRate,QualityScore,MaintenanceHours,DowntimePercentage,InventoryTurnover,StockoutRate,WorkerProductivity,SafetyIncidents,EnergyConsumption,EnergyEfficiency,AdditiveProcessTime,AdditiveMaterialCost,DefectStatus
180,12162.59,92.21,3,1.79,77.47,12,0.09,3.56,8.74,93.03,10,3072.26,0.431,2.13,211.31,0
797,16421.49,92.47,4,1.09,68.35,11,0.57,8.43,2.46,95.39,8,2414.54,0.1,3.52,186.43,1
689,18549.92,82.7,3,2.76,61.84,1,1.36,4.83,4.89,88.42,10,1300.22,0.313,9.08,373.25,1
495,15810.44,93.87,3,1.49,78.51,2,0.8,5.87,0.3,89.77,6,4963.89,0.204,7.64,110.85,0
490,19448.17,93.5,2,4.71,92.59,14,3.66,3.78,0.09,94.03,8,1699.09,0.265,9.37,322.71,1
873,16730.08,93.65,1,0.52,89.19,14,0.53,7.49,7.05,91.37,1,2021.23,0.268,8.94,269.64,0
177,18002.02,81.48,1,1.14,76.34,13,4.33,8.25,1.18,90.23,3,1943.66,0.257,3.81,195.63,1
728,6711.56,88.94,4,1.61,83.79,3,1.11,4.72,5.48,84.11,1,4631.77,0.457,6.69,308.12,1
281,15986.2,88.18,0,1.4,77.45,12,0.54,9.56,6.96,85.16,10,4054.75,0.315,4.41,186.87,0
184,11601.33,81.73,0,1.52,83.16,1,0.05,2.24,0.32,87.17,6,2829.32,0.461,7.27,325.73,0
574,13296.56,84.45,2,3.45,80.7,3,3.58,3.06,4.49,80.19,10,4821.69,0.391,4.14,159.59,1
979,14811.54,88.82,4,1.97,87.24,12,1.28,6.71,6.84,88.35,4,1211.13,0.24,1.01,262.28,1
762,19547.23,94.86,3,3.27,80.31,15,2.55,7.61,8.9,80.06,4,4574.68,0.297,1.85,304.17,1
785,19768.67,84.74,3,4.51,97.62,16,0.56,4.01,2.99,91.3,7,1241.71,0.256,7.94,112.68,1
746,9323.42,96.59,3,3.21,77.12,24,4.93,6.43,9.74,94.08,6,2564.52,0.431,1.76,344.29,1
808,16006.3,90.92,0,3.63,60.64,21,0.63,4.55,8.45,91.24,4,1216.02,0.175,6.39,400.13,1
562,16249.75,95.21,1,2.14,69.45,9,2.06,6.43,6.51,93.87,3,4995.88,0.475,8.72,482.43,1
215,10197.39,89.45,0,1.22,80.02,19,4.26,7.27,3.92,80.0,5,4657.56,0.332,7.67,181.25,1
856,6858.05,89.98,4,1.94,81.62,2,1.22,9.78,7.11,81.19,0,3339.2,0.345,4.72,183.48,1
505,5614.2,92.39,4,4.84,82.1,21,1.33,5.65,8.16,93.97,2,1871.38,0.307,2.88,221.93,1
550,16660.15,98.56,1,3.3,88.58,9,4.04,7.19,3.03,96.06,0,2107.11,0.322,9.3,456.31,0
434,12345.5,89.84,1,1.75,70.99,19,1.37,6.62,9.93,94.35,1,2798.17,0.367,6.1,262.74,0
264,19783.1,90.57,1,2.53,86.6,24,0.01,4.54,9.09,93.26,2,2291.12,0.362,4.65,220.72,0
935,11974.6,92.04,5,4.26,88.16,17,2.14,4.02,4.86,94.15,0,1085.26,0.186,9.48,396.47,1
804,19668.75,94.75,2,3.51,76.45,23,0.06,9.9,7.23,94.79,0,3625.02,0.333,2.94,115.2,0
680,11173.64,81.44,4,3.02,76.09,0,4.55,3.65,5.24,94.49,9,3453.71,0.242,4.98,319.53,1
462,16905.23,90.31,2,4.48,67.16,4,3.21,8.32,7.61,94.76,2,4617.24,0.355,1.98,280.08,1
841,6272.29,89.63,4,3.53,76.56,15,2.92,3.17,8.27,81.48,6,2907.42,0.319,2.12,349.94,1
591,13331.93,98.43,3,3.39,91.47,13,1.01,8.43,0.23,81.27,1,2378.84,0.172,4.59,392.44,0
499,17030.9,89.87,1,1.35,96.36,3,3.5,3.49,0.79,87.22,10,3046.07,0.394,7.3,230.0,1
505,18870.53,89.37,5,0.98,83.74,17,3.39,9.74,3.36,90.55,2,1778.78,0.283,4.05,354.57,1
304,17338.75,99.24,4,4.84,71.97,1,0.3,7.49,9.18,95.25,8,3502.16,0.321,7.21,309.73,1
183,5554.56,89.01,4,3.19,87.29,24,4.4,2.72,3.98,86.69,7,4080.13,0.369,8.25,153.59,1
599,10590.54,83.62,5,2.37,89.61,3,2.9,7.55,8.88,85.5,8,1613.85,0.361,8.9,452.69,1
899,5730.48,84.34,1,3.15,73.29,11,3.96,6.83,4.62,95.63,6,2273.53,0.4,1.4,401.84,1
157,6639.23,81.9,0,0.78,93.06,20,1.31,4.7,2.89,84.99,5,4471.2,0.183,7.96,468.66,0
873,15129.58,80.01,3,4.2,62.95,12,0.61,4.09,9.01,96.42,8,3022.13,0.144,2.32,388.16,1
845,15698.87,88.64,1,1.47,60.43,18,3.51,7.75,5.61,83.54,8,3127.35,0.368,7.28,197.92,1
349,16605.81,95.38,2,4.12,64.92,17,3.97,7.93,3.6,87.19,4,3889.63,0.194,4.34,272.21,1
669,17981.85,94.67,1,2.9,66.24,23,1.93,4.62,0.44,88.02,10,3311.57,0.146,7.37,254.75,1
248,16091.47,80.64,2,1.74,95.16,11,0.12,9.01,1.11,85.99,10,1278.32,0.152,2.92,114.33,0
783,17013.07,91.4,2,0.64,77.0,24,4.09,4.15,1.39,80.07,7,4215.85,0.225,6.8,264.22,1
731,5734.46,83.09,2,4.17,71.0,12,1.03,2.56,3.65,84.71,10,4691.34,0.497,2.13,238.23,1
419,8518.03,98.82,4,1.29,77.16,22,1.7,6.8,6.07,86.75,1,1213.11,0.163,2.53,101.57,0
161,14328.47,83.35,3,0.73,75.79,18,3.14,2.86,3.08,86.27,5,1485.0,0.219,6.53,438.85,1
974,17871.88,92.53,2,3.9,72.06,3,0.5,4.21,0.66,95.71,7,3807.9,0.468,4.03,157.55,1
501,5067.5,86.52,0,2.08,65.52,16,0.36,6.06,2.65,80.95,10,3417.9,0.485,7.33,300.38,1
904,12719.44,92.83,3,2.25,86.24,21,0.13,4.29,4.09,87.78,1,2530.07,0.192,7.17,413.87,1
710,15159.31,88.25,1,1.61,65.46,3,4.58,3.72,9.92,80.75,8,3156.99,0.452,6.59,341.79,1
801,5444.11,95.19,1,4.37,91.02,20,1.56,7.63,3.93,98.61,0,3813.35,0.156,7.57,167.74,0
784,11020.33,84.61,2,1.84,68.07,2,3.3,6.38,0.89,95.8,3,3017.91,0.405,8.15,347.28,1
275,18434.52,98.12,0,1.45,89.25,21,4.95,8.72,5.81,99.64,7,1560.75,0.105,9.2,403.04,0
427,15074.19,90.0,2,1.89,92.22,19,3.35,6.65,9.2,98.2,3,1357.74,0.263,1.72,441.91,0
520,8564.88,95.12,1,1.41,65.01,3,2.63,5.87,7.87,86.32,9,2755.43,0.199,6.14,227.46,1
548,17791.72,96.99,5,1.93,63.47,18,2.6,4.09,8.36,93.83,10,4691.54,0.382,7.74,113.57,1
139,10220.47,99.98,5,0.87,97.98,2,1.88,8.34,9.28,86.13,1,3231.12,0.106,2.95,343.18,0
592,17800.17,84.48,0,1.21,78.52,14,3.0,3.57,6.37,97.76,2,2432.88,0.286,3.37,190.31,0
239,9484.15,85.74,3,2.38,85.21,23,4.79,3.94,9.95,88.22,0,4634.82,0.379,3.4,412.36,1
769,13854.8,85.01,3,4.46,60.93,5,3.94,8.73,0.33,87.52,7,2554.53,0.119,6.15,371.95,1
715,10954.1,85.26,2,0.76,71.15,4,2.12,7.93,8.35,98.28,9,3036.59,0.459,4.3,409.27,1
931,9122.38,91.65,2,1.46,80.22,10,1.66,6.9,8.57,96.73,6,1466.0,0.244,6.99,487.01,1
771,18298.36,99.87,4,4.59,95.45,9,4.42,2.31,9.17,99.33,1,3949.6,0.166,6.49,333.82,1
430,7813.91,99.81,2,4.51,70.86,1,0.68,3.02,4.78,81.33,1,3801.21,0.19,6.91,461.73,1
971,6272.17,90.54,0,3.56,91.01,11,4.25,6.0,7.88,84.87,0,4176.98,0.236,3.27,356.76,1
470,10128.9,92.78,2,1.58,86.49,6,1.28,7.97,1.95,86.02,5,2300.77,0.179,7.91,172.7,0
393,15764.59,97.2,1,2.39,64.61,3,3.58,5.71,6.03,88.49,7,2744.21,0.304,6.98,419.72,1
915,17111.47,98.66,2,1.45,71.74,6,4.03,2.14,3.59,89.46,1,1673.37,0.353,2.18,377.48,1
433,19981.15,84.08,1,1.08,69.51,0,2.38,3.47,5.96,85.83,9,4858.02,0.273,2.8,491.18,1
168,9445.43,90.57,0,2.21,77.7,22,0.96,6.71,6.76,95.81,2,1344.31,0.271,3.71,197.37,0
523,11119.13,96.66,5,3.09,85.41,24,4.22,7.55,3.47,84.46,5,3596.05,0.413,9.42,233.25,1
816,7052.32,86.06,0,2.12,77.34,9,1.84,2.27,2.16,93.93,7,3821.03,0.22,3.94,428.6,1
270,13623.08,88.8,4,3.25,69.78,21,1.6,2.35,3.22,97.04,5,1630.95,0.349,1.18,125.16,1
517,19963.7,99.71,4,1.83,87.84,11,2.55,4.09,6.64,92.07,5,2461.29,0.457,2.27,353.28,0
217,15513.22,99.7,3,2.06,83.38,22,2.18,2.67,6.77,87.08,3,1172.51,0.189,1.29,314.19,0
718,13928.19,98.12,5,4.06,80.77,4,3.42,6.34,7.41,83.76,4,3226.43,0.348,4.63,167.53,1
528,10885.54,95.97,0,4.45,82.18,7,0.69,2.99,1.27,82.69,2,4979.75,0.479,8.17,166.05,1
397,18729.48,85.38,1,1.95,68.88,18,2.18,7.19,8.19,94.88,3,2719.54,0.312,5.05,424.08,1
304,12453.75,86.42,1,3.07,87.22,5,4.46,8.22,6.88,89.38,8,4960.03,0.491,8.55,106.18,1
608,7015.5,90.95,3,1.75,75.5,20,0.18,9.76,0.31,80.93,9,1504.9,0.224,1.43,398.74,1
703,10480.68,91.22,3,0.74,74.54,10,2.29,9.59,3.36,99.68,9,2569.82,0.326,5.23,393.07,1
947,6007.5,90.11,5,3.82,65.99,10,3.3,4.19,4.67,93.43,3,4607.86,0.224,8.08,359.87,1
493,8029.69,92.73,2,1.27,83.87,11,4.44,2.24,3.61,96.88,3,4506.78,0.101,7.07,263.81,1
244,5265.03,88.17,1,2.42,84.11,19,2.97,4.64,1.17,88.76,0,2294.37,0.499,8.68,111.33,0
850,11799.2,94.98,5,2.69,73.61,0,4.12,7.67,2.07,99.11,3,3714.44,0.196,3.46,420.71,1
667,14518.1,86.67,4,1.33,94.39,18,1.11,2.48,0.25,83.99,6,4544.64,0.489,5.51,150.28,0
730,10149.39,86.61,4,0.93,93.82,19,1.76,4.88,0.93,83.7,2,4067.51,0.361,7.09,212.31,0
187,11305.73,82.54,2,2.07,64.36,20,4.71,4.38,2.66,97.81,8,3513.9,0.462,2.52,478.71,1
381,19388.14,83.77,2,4.79,87.8,24,4.43,3.75,8.2,97.83,0,1610.3,0.487,8.34,220.74,1
791,16279.45,97.01,2,3.27,75.75,19,2.79,7.65,5.27,89.98,4,1292.01,0.327,3.8,202.06,1
849,13112.85,88.93,4,2.22,99.99,13,2.38,7.27,4.24,82.52,3,3458.49,0.5,1.84,489.35,1
492,9268.11,84.56,1,0.68,69.0,11,2.26,6.28,6.62,86.1,5,3001.1,0.407,7.89,134.37,1
825,18454.95,95.19,5,3.2,71.22,9,0.29,9.29,5.42,95.08,0,1952.15,0.31,7.35,164.28,1
858,8526.46,91.08,1,0.92,77.68,20,4.46,2.83,1.32,96.92,4,2171.08,0.362,8.95,275.33,0
449,9880.14,80.42,2,2.94,70.75,9,4.09,3.2,2.23,86.95,8,2568.35,0.178,9.03,415.07,1
909,18635.97,86.33,1,3.88,87.68,14,2.28,5.07,2.23,81.22,9,2982.08,0.104,3.51,453.74,1
359,12943.13,83.54,3,2.41,79.24,2,1.4,7.25,6.0,93.31,2,2561.04,0.203,6.77,402.25,1
315,16134.77,93.12,4,1.85,68.84,7,1.71,6.67,4.62,94.79,4,2549.17,0.274,9.99,490.47,1
714,13861.17,85.5,5,0.71,80.25,6,0.62,2.59,3.88,88.48,7,1462.93,0.191,3.19,106.74,1
673,14801.59,81.3,4,0.61,95.55,10,3.61,9.67,5.57,91.66,5,4462.36,0.306,5.26,347.8,1
225,9490.75,81.1,1,2.44,91.7,12,2.78,4.44,9.7,99.75,5,3436.62,0.363,9.19,146.54,1
850,8620.58,91.63,1,4.48,79.95,17,1.17,4.87,3.14,84.9,3,1584.41,0.362,1.93,464.15,1
280,9837.39,80.43,5,1.6,71.54,10,3.12,6.99,5.2,91.46,9,2695.5,0.458,9.35,474.12,1
825,7331.62,96.98,2,3.08,67.2,3,4.9,9.56,4.8,92.22,6,2666.86,0.487,5.39,221.21,1
106,18114.72,83.11,0,3.58,95.14,13,0.61,7.3,7.17,90.98,10,3402.48,0.456,9.04,431.08,1
817,9248.7,92.13,4,0.77,88.41,1,2.29,9.64,7.3,97.38,8,3435.48,0.348,6.59,352.11,1
809,13422.34,88.89,3,1.19,82.89,21,2.47,3.5,7.29,92.1,4,3580.89,0.182,7.04,140.2,1
803,16879.62,88.86,0,1.99,95.18,19,0.83,6.95,2.02,90.16,3,3791.61,0.477,7.96,341.11,0
699,16757.36,81.44,4,3.52,64.87,5,2.66,8.63,4.49,82.46,0,1413.42,0.17,1.6,490.42,1
524,11575.79,96.06,3,2.48,87.3,6,3.03,6.07,8.11,94.06,6,2219.69,0.161,6.65,223.24,1
735,12143.86,97.86,3,3.8,68.67,0,0.79,4.9,3.82,82.64,8,1069.39,0.227,9.32,100.46,1
349,19920.53,80.22,5,4.4,64.82,9,0.77,9.88,9.84,80.53,3,2818.57,0.329,9.61,490.72,1
803,15118.96,83.57,2,3.91,78.62,0,4.28,3.13,3.65,89.77,0,2717.72,0.373,9.71,265.59,1
600,17219.58,98.08,2,4.97,75.5,23,1.56,5.29,4.98,91.45,9,3937.31,0.105,6.81,272.37,1
513,18538.31,90.99,3,3.89,97.65,3,3.15,8.99,4.75,99.98,2,1668.47,0.411,6.7,385.04,1
555,16813.85,83.0,1,4.33,72.96,16,3.13,9.2,4.34,94.25,6,3525.98,0.17,5.97,341.75,1
612,7777.69,84.06,0,4.25,92.6,14,4.2,9.84,8.46,96.97,0,2226.78,0.219,6.47,220.79,1
133,13432.56,93.2,5,3.79,89.95,5,3.7,9.08,1.55,86.93,0,2527.67,0.229,6.51,139.99,0
225,6528.41,94.5,1,4.11,86.72,20,4.2,2.41,5.68,90.18,9,3877.15,0.233,1.38,430.95,1
321,14793.83,91.99,3,4.71,96.82,2,3.13,9.44,6.19,99.49,7,1286.19,0.404,1.8,293.35,1
203,19330.24,99.06,1,2.64,76.32,22,2.25,5.43,8.51,88.35,0,2371.13,0.116,6.57,368.99,0
496,12690.98,89.88,1,3.37,75.59,18,1.97,7.21,6.09,96.15,1,2565.29,0.179,3.83,444.2,1
702,11494.59,86.01,3,2.82,66.44,15,1.9,5.15,9.6,90.52,5,3863.0,0.109,3.71,107.09,1
689,5537.64,89.54,4,4.33,71.03,21,2.09,8.51,8.72,84.48,7,1796.9,0.411,2.74,443.75,1
524,19396.62,87.19,2,2.44,95.19,10,0.65,6.61,3.49,91.61,4,4789.65,0.493,8.21,400.72,1
870,6545.04,84.49,0,4.19,78.98,7,2.12,8.76,8.6,84.36,9,4991.05,0.364,9.68,478.73,1
609,5616.19,80.92,1,4.1,73.65,3,1.95,3.55,9.58,80.06,7,4275.64,0.336,6.65,193.44,1
171,8691.0,87.04,0,4.83,68.64,23,0.17,3.48,2.57,84.72,6,2198.85,0.463,9.51,228.97,1
789,5982.96,94.23,5,1.62,79.4,10,1.38,5.52,6.1,83.86,3,3655.47,0.202,8.95,364.59,1
617,11826.77,80.37,1,3.69,88.67,20,3.76,2.04,2.82,87.42,7,1332.59,0.127,2.96,470.32,1
671,12741.32,88.78,2,3.91,71.47,8,2.89,7.54,6.5,97.77,9,4485.12,0.304,2.38,497.07,1
609,9688.55,92.88,0,4.71,90.31,23,4.03,4.37,0.94,87.76,0,3063.97,0.204,2.9,266.7,0
598,5764.41,92.21,2,4.58,85.19,21,2.71,6.46,7.34,96.9,8,1705.76,0.28,1.87,315.69,1
181,6674.01,95.53,5,3.08,91.5,7,4.27,2.56,4.2,91.11,9,2309.67,0.283,6.25,168.22,1
603,10767.57,96.21,2,3.11,70.04,12,3.98,3.37,5.87,80.15,4,4202.97,0.228,3.54,377.59,1
816,5907.93,94.23,3,1.25,85.24,19,0.49,6.98,0.26,83.77,8,4480.91,0.295,9.22,434.95,1
373,15472.85,82.06,1,4.89,66.15,5,4.89,4.45,6.95,98.63,3,3078.85,0.252,6.52,419.46,1
643,8105.31,89.5,0,1.65,74.55,0,0.07,3.72,4.96,92.08,2,2921.25,0.145,4.24,238.34,0
127,9531.07,92.07,4,3.76,88.97,7,2.98,3.83,6.25,98.59,8,4002.94,0.447,9.86,485.31,1
413,10911.89,84.91,0,4.08,85.27,14,3.96,3.72,3.16,86.2,3,4304.76,0.381,9.58,148.14,1
493,11249.14,80.85,2,2.49,67.51,3,1.66,6.98,1.46,94.33,8,4059.39,0.117,8.01,297.59,1
985,5024.91,84.47,1,1.45,94.33,8,2.99,3.34,4.35,95.44,3,2537.71,0.146,8.13,321.84,0
293,6681.06,89.1,0,1.35,62.13,22,1.81,4.9,9.44,99.51,4,3567.7,0.139,9.8,314.61,0
349,17941.47,88.28,3,4.35,83.81,1,0.3,7.5,2.28,80.36,7,4429.44,0.125,6.4,403.16,1
468,5018.5,83.53,5,2.8,99.35,1,0.04,6.11,6.76,99.04,3,1607.04,0.124,8.92,343.84,0
994,12622.51,96.49,0,0.91,81.26,10,0.47,6.78,0.5,87.83,8,2552.55,0.163,1.58,130.85,0
868,12342.53,98.51,4,3.73,92.03,0,0.49,4.01,7.18,96.76,0,1226.48,0.439,5.99,171.94,0
131,9996.41,84.03,3,1.63,83.81,0,3.05,9.46,2.38,90.89,0,2635.51,0.431,5.52,312.9,0
310,11469.91,98.59,4,4.44,91.32,4,2.63,5.31,4.52,91.29,0,4089.13,0.413,1.34,377.82,1
840,16708.72,80.36,0,1.89,86.22,2,2.28,4.3,3.68,87.19,2,1788.11,0.346,1.78,305.67,1
152,17618.06,98.5,5,1.4,87.65,20,3.46,9.23,1.13,96.57,0,3167.55,0.389,1.2,242.2,0
870,8905.23,99.04,0,0.88,69.11,3,0.08,7.24,3.46,85.28,4,1146.34,0.395,3.65,120.45,0
353,9837.36,80.24,5,2.8,89.67,13,1.35,6.91,3.5,89.84,0,4590.6,0.456,1.48,414.35,1
926,8637.24,95.26,3,2.53,69.52,17,3.89,9.09,5.22,91.2,8,4280.02,0.393,4.81,298.88,1
364,12197.95,99.4,2,3.88,99.23,15,4.55,2.47,9.72,94.85,1,3097.64,0.395,8.31,315.52,1
491,15248.88,98.12,0,2.59,69.11,16,2.19,8.7,4.7,89.43,10,3823.15,0.422,6.52,287.58,1
696,8423.79,99.41,3,2.05,69.47,8,0.41,7.42,9.14,93.61,9,1415.66,0.323,7.06,206.14,1
213,9961.04,91.01,0,1.68,94.35,22,3.99,4.88,4.62,89.71,7,4380.84,0.185,1.28,210.55,0
601,18955.77,81.56,3,1.75,69.72,1,4.43,4.05,1.08,93.19,8,3861.05,0.134,8.56,125.4,1
555,5728.54,97.0,4,4.68,74.44,2,2.07,2.84,2.3,93.48,8,1479.87,0.268,2.32,383.04,1
806,11911.54,92.28,1,1.24,88.59,21,1.22,9.53,4.08,94.19,9,4922.76,0.137,3.72,208.75,0
997,15673.37,92.29,1,4.95,66.35,1,0.22,3.14,3.25,96.47,6,1090.12,0.168,5.65,219.42,1
698,7256.81,88.35,1,1.97,66.36,4,2.96,4.08,8.66,90.81,6,3514.04,0.11,9.37,497.4,1
468,5710.61,91.44,1,0.9,79.45,4,4.55,7.53,6.79,83.87,5,1687.02,0.22,9.98,254.33,0
466,7073.08,83.07,0,1.62,69.75,0,3.39,7.68,5.78,93.59,6,3877.03,0.488,8.04,304.28,1
476,18782.35,94.8,1,0.76,69.43,2,1.59,3.29,4.91,81.54,4,1281.63,0.252,7.56,254.59,1
833,5138.9,81.5,3,4.06,60.37,14,3.21,8.51,3.97,84.38,1,1324.4,0.196,5.75,216.08,1
389,7824.83,94.6,1,2.81,74.82,16,4.16,6.08,6.12,95.84,10,2865.17,0.261,6.99,102.34,1
250,5469.25,96.98,4,2.02,72.73,2,2.38,8.79,1.25,88.7,7,4976.04,0.221,2.3,441.95,1
401,6659.44,89.45,4,3.48,61.25,23,4.1,2.7,1.63,89.96,7,2106.06,0.37,3.42,289.26,1
120,14302.24,90.2,4,3.34,84.85,2,1.96,2.34,3.03,99.75,3,3450.11,0.354,9.86,387.96,1
195,8624.58,86.24,3,4.73,85.07,17,1.74,7.1,1.71,84.7,8,3074.4,0.111,9.82,483.46,1
181,13538.18,99.39,1,4.83,62.83,20,2.91,3.2,6.77,80.39,5,4368.48,0.305,3.91,101.13,1
795,13852.93,94.66,5,3.56,72.68,13,2.32,6.2,0.25,82.23,0,2154.36,0.114,3.17,370.02,1
750,17741.53,87.38,1,4.18,94.91,12,4.89,2.11,1.6,84.89,10,3219.78,0.371,3.07,147.46,1
727,5071.12,83.5,2,4.07,83.29,2,2.58,8.24,9.03,94.52,10,4802.49,0.474,5.36,283.19,1
516,17800.54,84.39,2,2.71,76.48,6,1.93,9.2,9.98,95.52,9,2330.34,0.463,3.01,438.71,1
746,14286.79,89.28,4,3.67,78.6,21,1.97,8.71,4.88,91.31,5,2757.62,0.182,6.84,128.6,1
245,7441.15,98.85,3,0.85,68.33,8,2.74,9.67,4.95,85.1,2,4555.25,0.397,1.67,495.85,1
911,16594.06,94.68,4,3.91,92.48,0,1.77,9.22,7.73,90.43,0,2330.0,0.417,1.93,332.33,1
551,17832.37,84.3,5,4.83,96.56,18,3.61,5.55,0.36,80.3,8,2522.7,0.446,3.49,258.0,1
945,8813.95,97.19,2,0.88,96.43,17,1.9,5.19,4.27,93.64,9,2216.48,0.204,8.0,107.8,0
237,18781.91,87.56,5,4.26,68.96,1,1.92,9.17,1.0,92.29,1,4238.13,0.28,3.91,334.73,1
548,11816.86,97.03,1,4.7,72.43,1,3.08,9.42,4.01,80.44,7,4721.55,0.189,5.24,297.96,1
727,14051.37,84.83,5,1.52,66.42,2,0.3,9.78,9.84,96.34,0,3524.4,0.11,6.91,186.13,1
546,19769.74,92.37,1,2.86,72.29,1,3.28,8.15,7.54,95.27,8,3494.52,0.364,8.1,296.18,1
501,10423.04,98.53,5,4.68,73.31,15,2.52,3.62,9.85,86.16,0,2560.01,0.273,3.76,105.12,1
249,17197.39,85.16,2,4.82,85.32,3,2.27,9.56,7.46,92.71,10,1049.93,0.199,7.58,499.79,1
443,9775.99,93.86,5,1.08,67.59,15,3.6,9.58,6.08,92.03,1,1695.75,0.439,3.57,232.85,0
315,16988.2,99.75,0,2.07,96.78,4,3.79,7.33,7.54,82.86,4,1589.75,0.298,6.8,292.09,0
371,14011.01,83.01,2,3.64,64.12,24,4.23,8.86,6.59,83.87,7,1463.53,0.498,5.06,413.91,1
716,8245.34,81.77,5,1.5,60.28,18,1.87,6.49,4.64,93.66,9,3616.19,0.417,9.34,385.11,1
667,11210.39,93.48,0,1.96,94.2,9,1.64,9.55,2.93,98.67,3,1545.4,0.448,9.84,455.42,0
647,9764.53,86.79,1,0.6,88.15,10,3.57,2.75,5.2,91.53,10,1342.54,0.409,7.97,476.53,1
425,6171.63,81.42,0,1.19,74.21,1,2.91,8.91,2.58,91.36,0,2530.33,0.142,9.24,175.67,0
964,5447.52,89.51,1,3.03,83.82,1,3.16,2.44,4.87,92.93,5,1996.09,0.126,2.23,256.16,1
178,10197.18,95.08,2,3.44,68.94,13,2.78,4.71,1.46,88.81,10,1583.44,0.466,6.89,374.73,1
408,5285.51,85.7,3,3.42,66.74,0,3.86,3.08,5.65,81.08,3,1584.51,0.155,2.79,118.01,1
206,7482.32,86.7,1,4.0,78.85,15,0.95,5.83,2.45,87.93,5,2024.82,0.256,3.49,386.78,1
405,15877.75,96.91,0,2.37,74.13,9,2.78,3.86,2.94,98.01,4,3147.4,0.344,5.71,101.95,1
966,15621.37,90.4,1,1.73,84.61,3,0.79,9.62,4.99,96.1,4,4032.38,0.185,7.68,465.64,1
430,16078.71,96.85,5,0.57,68.73,13,2.04,6.47,1.63,98.55,8,4411.11,0.19,7.49,387.27,1
918,9757.3,88.93,5,1.43,86.52,13,3.32,9.18,9.62,83.06,5,4005.67,0.286,8.83,326.2,1
546,18350.29,99.06,1,1.91,90.67,18,2.47,4.22,4.47,90.12,7,3512.85,0.244,6.03,271.56,0
730,13907.46,93.02,1,1.3,66.67,4,1.9,2.21,3.52,91.69,5,4630.5,0.371,9.34,495.21,1
512,6890.4,82.32,0,0.59,61.75,13,4.42,8.21,0.29,84.2,10,3078.95,0.13,8.99,394.6,1
339,7155.78,97.7,5,1.21,77.58,21,3.86,7.62,8.43,84.02,5,3533.43,0.296,8.64,422.92,1
788,15396.43,89.79,4,3.5,90.96,6,2.63,6.36,6.26,95.64,8,2646.48,0.17,3.07,430.15,1
973,7594.16,82.83,4,3.33,86.03,20,4.75,8.52,4.16,93.44,6,2309.54,0.343,5.78,108.75,1
337,12609.39,83.05,1,4.71,88.08,18,2.12,8.72,2.46,92.94,8,2326.85,0.146,7.63,121.87,1
801,19876.62,93.75,3,4.09,76.11,10,3.94,6.7,7.45,85.34,9,1593.27,0.179,9.78,179.35,1
335,5060.11,80.95,0,3.05,69.4,22,0.84,9.73,9.45,90.14,2,4186.39,0.422,1.1,362.09,1
745,5248.7,85.73,4,1.12,81.27,24,1.43,7.76,3.81,80.46,3,1221.47,0.194,3.94,349.58,1
810,19896.27,82.8,3,3.04,68.17,5,1.69,7.42,1.35,82.6,3,3698.74,0.395,4.08,230.07,1
504,13769.58,88.82,1,0.78,89.05,24,0.53,4.89,1.09,90.37,5,4457.84,0.209,3.6,489.2,0
763,6903.65,88.29,4,2.44,67.88,0,2.51,2.02,0.06,86.19,5,2989.71,0.194,8.36,137.24,1
345,18459.53,90.44,3,2.26,71.65,3,0.96,3.93,7.44,99.31,0,1280.8,0.22,1.41,410.69,0
171,18205.7,85.59,2,2.43,80.26,1,3.17,8.11,9.81,89.43,9,2713.67,0.452,4.23,292.35,1
186,13043.01,80.64,1,1.76,79.47,9,0.95,7.68,9.93,81.67,9,2372.91,0.259,7.41,267.53,1
502,14326.88,92.29,0,3.59,84.03,23,0.62,4.65,7.84,80.36,6,4942.16,0.198,4.66,110.23,1
913,9097.81,87.47,5,4.28,77.5,15,4.85,7.0,1.62,94.51,3,3765.06,0.315,2.3,391.12,1
214,5757.8,93.03,1,3.96,96.78,15,3.29,3.56,9.78,83.43,9,3885.44,0.254,6.5,408.63,1
510,13918.51,82.17,1,3.32,93.6,2,4.68,4.11,3.28,83.76,2,3063.31,0.416,5.7,227.58,1
734,9421.33,80.28,4,2.92,95.16,12,2.45,9.58,3.34,88.48,3,3837.66,0.496,9.84,306.79,1
282,14954.32,84.97,1,0.64,85.18,9,0.17,5.31,6.87,85.28,10,3890.28,0.311,7.74,342.58,1
750,17543.68,89.13,2,3.75,85.4,11,2.87,3.96,0.49,92.33,10,1265.44,0.281,9.88,247.06,1
375,5272.41,87.88,4,2.95,84.37,6,2.79,5.9,8.26,89.71,6,1890.43,0.237,2.68,346.23,1
828,13935.71,96.21,3,1.72,77.4,5,0.07,5.1,9.97,82.23,1,1051.87,0.489,7.85,273.65,1
621,8469.21,87.56,3,1.98,72.88,23,4.31,7.84,7.75,95.69,1,3039.23,0.293,5.96,451.23,1
592,18108.33,90.61,0,4.71,83.68,13,3.1,9.7,7.82,88.52,10,4503.2,0.171,7.41,387.41,1
259,8804.97,91.87,2,3.31,61.02,10,3.72,6.73,3.9,92.22,2,3438.22,0.488,5.21,144.2,1
517,14161.55,80.44,2,2.64,60.3,1,2.47,6.73,0.66,80.08,7,3000.83,0.484,2.91,419.84,1
871,13303.11,90.3,3,3.29,94.07,19,3.09,4.92,7.93,92.53,3,4703.86,0.274,1.41,235.0,1
117,10942.5,86.9,0,2.36,61.86,11,1.29,6.52,5.97,85.66,5,1688.87,0.239,8.54,474.23,1
783,15164.31,88.43,0,2.62,80.99,9,4.87,4.55,9.09,89.89,10,1298.42,0.372,8.33,341.35,1
543,15886.54,82.01,4,1.81,84.6,16,2.0,2.01,1.16,85.95,6,4669.22,0.432,2.46,111.03,1
748,13504.07,95.66,4,2.48,67.93,3,0.81,8.93,3.05,99.93,4,4611.13,0.299,6.81,393.75,1
697,16376.33,98.85,4,3.59,95.83,13,0.28,5.44,3.61,84.62,4,3731.89,0.232,7.64,152.29,0
489,19751.26,80.45,1,0.68,67.6,21,3.18,5.94,6.83,98.26,2,1983.92,0.221,6.02,450.91,1
378,11289.09,92.03,5,4.08,95.38,11,4.92,2.67,7.88,98.36,6,4879.06,0.231,3.86,479.33,1
665,12718.75,95.28,1,1.77,90.52,0,4.48,8.7,9.61,88.42,6,4061.39,0.147,8.93,378.1,1
226,5187.05,85.7,3,3.57,69.63,5,3.51,3.36,2.95,86.08,1,3695.58,0.411,6.78,313.15,1
626,16940.43,95.75,0,3.39,66.03,1,4.95,5.28,4.94,87.62,4,1891.65,0.142,7.48,340.83,1
185,12803.45,92.65,5,3.44,72.65,12,3.61,8.72,0.29,99.79,7,3052.36,0.259,6.87,271.54,1
685,11119.42,98.58,1,3.24,75.92,9,1.7,5.66,2.53,92.38,0,4290.3,0.434,7.49,133.43,0
666,6411.08,99.62,4,4.82,69.83,3,3.01,9.45,3.74,90.9,10,4441.04,0.262,2.31,471.54,1
176,18344.85,80.85,1,2.79,99.96,17,0.4,3.67,5.94,80.72,9,3245.72,0.218,9.3,231.67,1
782,10925.11,88.9,4,3.8,69.19,4,1.11,7.72,4.71,96.96,7,3091.18,0.479,3.57,225.14,1
474,15238.72,90.94,2,3.67,93.23,8,2.09,9.82,3.64,81.68,0,3790.74,0.151,8.53,176.53,0
808,7240.61,82.93,0,1.56,66.36,24,1.01,6.4,6.24,80.94,5,3113.0,0.454,9.04,496.96,1
137,19423.24,86.73,1,1.77,99.21,1,4.77,7.54,8.29,85.5,9,2670.72,0.125,6.86,477.03,1
261,7676.63,99.75,4,2.41,69.02,6,4.98,5.15,2.42,89.52,0,1341.68,0.265,6.38,239.77,1
545,7993.13,80.32,1,1.75,76.87,7,1.85,8.01,3.43,97.91,8,1504.2,0.353,1.98,204.0,0
269,17884.74,89.05,1,2.15,82.34,12,3.55,9.27,7.05,95.8,9,4041.1,0.248,4.93,422.15,1
397,18688.74,96.85,3,2.26,64.81,6,2.04,7.62,7.78,83.95,0,1098.66,0.314,6.5,269.04,1
695,8182.21,86.48,1,3.22,92.67,24,0.7,9.49,8.25,87.44,2,1209.22,0.182,1.74,487.12,0
230,12047.01,89.6,0,1.49,70.99,0,1.68,6.71,2.09,95.6,7,4618.57,0.328,2.0,460.49,1
710,16002.42,99.56,3,4.12,81.97,23,1.17,6.62,5.39,90.54,10,3815.99,0.154,9.94,403.78,1
193,18175.49,89.5,4,2.47,81.99,13,1.64,4.44,9.0,83.49,8,1016.85,0.418,3.99,135.97,1
257,10685.79,82.62,4,3.68,84.11,0,1.08,7.68,3.92,87.92,5,2248.17,0.334,4.15,380.85,1
629,12755.29,81.03,5,0.87,62.22,2,0.56,9.06,4.3,92.52,6,4053.27,0.293,3.26,494.9,1
814,16125.75,98.91,0,2.61,66.74,2,1.09,7.17,9.85,99.46,5,2670.4,0.122,6.81,249.32,1
253,15967.04,85.32,2,0.63,66.45,7,4.53,3.86,1.13,93.24,6,2875.19,0.3,5.26,452.63,1
370,16744.4,90.08,1,3.54,72.08,8,0.43,6.35,7.06,80.32,8,2835.2,0.325,8.11,263.26,1
933,13549.01,81.81,5,2.05,65.8,16,1.62,8.05,8.5,94.1,0,1808.54,0.206,5.61,488.53,1
991,6569.23,88.47,3,4.77,96.88,7,2.64,9.51,1.51,85.02,2,3885.57,0.371,1.14,361.44,1
623,18559.6,98.6,0,1.96,80.52,18,1.77,3.25,7.14,97.24,0,1412.03,0.131,5.34,138.6,0
502,17983.59,90.05,4,3.04,84.94,7,2.59,3.02,4.7,87.68,8,3029.0,0.183,1.5,291.62,1
412,16971.46,99.42,0,1.66,74.3,6,0.22,5.3,8.53,83.99,8,1679.82,0.395,8.44,119.89,0
651,6497.94,85.18,1,3.29,71.05,6,3.24,3.0,9.07,89.36,0,1186.13,0.159,2.02,258.03,1
632,8065.96,90.09,4,2.6,80.13,8,2.82,9.84,8.72,85.1,1,1572.98,0.198,2.95,466.15,1
365,16154.01,97.19,3,2.17,71.77,20,3.4,5.39,0.64,84.72,2,4477.34,0.36,5.14,192.88,1
120,5347.1,88.97,4,1.42,73.75,6,2.84,6.27,7.57,91.47,2,1704.59,0.392,2.76,480.23,0
236,19688.37,85.59,3,1.0,78.11,6,2.19,3.82,9.22,95.35,5,2113.48,0.121,5.85,139.97,1
963,10657.17,97.11,5,1.04,80.23,23,1.75,5.59,6.21,96.7,5,1552.38,0.151,5.15,365.92,0
476,15789.69,87.8,3,5.0,99.37,16,1.13,9.88,6.01,87.95,3,3942.18,0.278,9.57,486.27,0
534,18313.57,90.61,0,2.36,68.93,4,2.5,5.91,0.45,81.34,1,2781.8,0.337,1.8,361.66,1
520,10919.45,99.53,0,0.51,79.52,21,0.13,2.07,8.56,89.68,7,4774.54,0.282,6.19,459.6,0
805,9786.99,83.73,4,4.79,65.98,4,1.64,3.94,0.46,88.68,8,3657.3,0.359,7.48,496.41,1
158,14131.12,86.03,0,0.59,74.0,4,3.39,9.83,3.14,83.94,7,3125.56,0.402,2.15,356.74,1
174,13714.84,80.62,2,2.38,88.69,11,0.54,9.91,9.26,97.92,8,3626.52,0.48,6.73,412.91,1
348,11137.1,87.84,0,3.73,66.98,17,0.31,3.68,9.5,99.48,10,1161.7,0.24,8.78,112.79,1
538,14026.62,84.0,1,4.62,83.25,4,3.26,6.92,9.92,81.03,9,4802.64,0.165,8.09,270.92,1
704,19030.72,93.6,3,3.71,76.67,18,1.99,2.62,4.76,95.91,7,4825.72,0.206,9.42,215.31,1
542,12014.6,83.63,1,2.59,62.06,3,4.01,6.62,1.77,92.91,0,2104.56,0.159,7.49,429.67,1
497,7951.13,93.5,2,4.88,97.32,19,4.69,3.01,4.88,85.23,3,3513.18,0.258,4.55,371.03,1
944,10658.09,85.27,5,0.68,76.54,2,4.79,8.55,1.02,92.7,4,1807.66,0.449,9.28,345.77,1
245,10911.6,87.1,0,4.94,91.36,11,2.13,9.52,8.73,82.57,7,3189.89,0.239,3.03,472.62,1
615,6966.63,86.98,0,4.32,76.65,16,1.32,3.38,5.61,81.39,9,4083.16,0.16,6.25,135.55,1
588,7443.07,94.34,1,4.68,97.49,6,3.04,5.7,4.05,99.87,7,4759.29,0.309,7.89,481.54,1
526,15268.43,89.33,4,1.65,71.62,15,3.14,2.82,0.8,92.73,3,2356.87,0.497,8.85,140.31,1
827,10092.17,87.23,2,1.14,76.49,17,3.11,4.71,4.05,85.06,8,3774.02,0.175,9.25,238.81,1
340,19323.48,97.05,3,3.48,90.35,16,1.61,2.52,8.66,89.0,7,3865.71,0.411,1.76,352.11,1
959,8653.95,91.44,0,2.82,73.75,9,0.32,4.12,7.03,99.0,8,1884.6,0.429,7.53,236.59,1
398,6483.87,84.28,4,2.85,74.57,19,1.05,9.92,0.82,88.77,6,3516.13,0.261,2.84,373.01,1
591,16302.57,98.0,0,4.66,99.79,18,0.77,2.36,1.6,98.01,7,3621.69,0.348,8.01,410.17,0
569,18215.54,86.85,4,3.29,82.22,8,0.62,8.87,3.92,97.38,3,4056.3,0.273,7.31,431.4,1
865,9171.7,80.78,0,1.9,87.58,18,4.63,2.62,1.01,86.88,4,4999.79,0.205,2.63,171.74,1
495,8031.32,89.89,5,2.3,85.74,22,0.07,6.23,9.34,93.92,3,1160.93,0.27,8.5,172.83,0
356,7786.49,82.48,1,1.1,93.12,20,3.01,5.62,6.52,93.21,2,1809.22,0.138,5.16,120.93,0
119,12830.18,84.77,1,1.37,94.47,18,4.74,9.45,0.95,95.42,7,1580.31,0.383,5.89,296.34,0
427,12026.25,94.94,2,1.15,82.53,19,1.8,3.59,7.88,87.32,4,1617.74,0.432,9.74,155.01,0
844,8891.6,82.62,0,4.15,71.78,20,2.64,3.44,3.68,81.04,1,2816.99,0.223,6.91,227.44,1
108,5677.6,96.14,0,3.67,60.91,7,3.48,7.99,2.45,83.42,0,4514.15,0.327,6.3,436.17,1
907,12222.37,98.74,3,2.89,84.58,18,1.59,7.81,5.7,92.33,9,2794.89,0.193,1.15,479.46,1
589,19389.99,92.13,1,2.18,93.02,4,2.39,7.59,0.13,95.5,4,3673.92,0.151,2.79,428.83,1
226,14787.79,94.21,2,3.51,78.02,8,4.09,2.21,4.65,95.12,6,2506.0,0.365,1.24,100.26,1
372,12432.6,94.27,4,4.16,66.59,23,3.73,4.08,8.44,91.67,9,2278.65,0.154,4.0,327.21,1
599,6660.38,99.86,0,4.47,71.52,7,4.04,8.72,9.28,81.7,1,4336.94,0.413,4.1,166.66,1
384,8786.54,86.83,2,2.96,80.4,21,4.94,6.81,3.43,80.35,10,3622.19,0.209,5.77,250.3,1
197,9421.61,83.26,1,4.19,93.47,10,1.85,6.82,6.42,95.64,7,2403.58,0.427,7.21,271.17,1
700,16472.05,90.38,2,2.8,66.87,5,3.74,4.37,2.27,90.99,7,4656.64,0.247,2.61,477.18,1
705,18150.66,90.66,1,2.64,84.49,2,3.01,4.08,5.6,95.65,4,2994.05,0.248,6.41,353.5,1
207,18524.63,83.56,0,4.39,90.13,13,3.33,9.57,2.54,83.26,7,1753.1,0.4,9.25,207.06,1
353,19768.53,92.26,0,2.24,97.44,11,3.7,7.82,5.71,88.15,2,2932.89,0.304,2.67,357.12,0
319,19735.5,80.28,5,2.28,64.67,12,3.75,3.01,1.72,98.38,3,3698.8,0.18,6.93,480.75,1
694,19294.99,98.55,0,1.87,97.06,1,4.43,9.5,9.41,83.43,10,2468.45,0.44,1.41,123.66,1
757,6077.33,85.29,4,2.83,84.06,6,1.75,6.66,8.87,81.23,3,4375.14,0.236,5.78,426.4,1
755,7066.9,80.79,5,2.95,90.67,0,3.27,4.67,3.37,93.07,7,3132.58,0.141,7.67,186.76,1
945,9567.0,82.16,2,3.47,62.15,7,1.4,5.18,7.77,91.89,10,2871.06,0.266,1.31,161.24,1
792,13293.47,84.8,1,2.44,80.25,23,2.97,7.8,0.96,99.04,6,4434.85,0.33,4.0,459.55,1
388,6454.67,85.48,4,1.48,84.91,3,3.76,5.01,7.4,98.13,3,2851.67,0.344,8.9,100.74,1
197,17686.95,80.66,5,4.4,72.27,17,3.96,6.63,2.82,94.99,9,2657.64,0.434,3.03,396.43,1
653,14251.34,85.59,0,2.06,77.27,0,2.1,7.68,1.36,80.38,9,1414.87,0.317,7.51,134.89,1
925,13135.47,83.86,5,4.65,82.17,14,2.54,3.56,6.78,89.61,5,2449.97,0.189,6.51,347.2,1
978,7479.67,87.57,5,1.43,82.1,23,1.67,9.55,4.7,97.92,1,2588.19,0.205,2.47,348.36,0
307,8798.83,87.7,0,3.02,61.67,8,0.85,4.85,5.3,88.67,4,1722.49,0.14,7.68,445.11,1
313,7404.68,86.78,0,2.91,77.58,4,1.3,5.35,5.21,99.24,4,3351.29,0.394,5.79,429.04,1
133,17779.0,86.56,4,4.23,68.55,14,4.56,7.59,0.59,93.05,2,1575.37,0.142,2.01,374.07,1
227,13763.42,81.79,0,1.12,96.67,6,1.54,6.87,0.51,82.19,4,1894.76,0.342,9.54,252.22,0
599,16026.94,80.5,3,4.59,99.06,22,4.87,5.52,6.01,90.19,1,3244.37,0.339,5.43,166.56,1
592,9440.49,84.04,0,2.89,71.99,21,1.21,7.2,6.24,93.91,7,2075.93,0.414,7.71,354.27,1
434,10568.79,95.13,4,3.14,67.01,16,3.62,9.22,0.47,81.31,4,3558.67,0.13,2.96,298.79,1
379,11072.82,99.82,1,2.8,68.78,15,2.87,8.4,3.78,86.89,8,3762.05,0.181,2.23,131.18,1
847,16400.22,98.57,0,0.66,79.11,15,3.48,8.59,6.13,94.34,5,2205.16,0.464,7.67,482.22,0
514,16585.29,90.08,0,2.74,94.98,18,3.22,4.07,6.57,83.14,7,1349.55,0.329,7.06,225.77,1
828,8102.2,90.64,1,1.69,80.0,11,3.53,5.36,8.28,86.97,8,2957.81,0.283,3.47,100.86,1
967,19123.08,86.29,3,2.04,62.22,24,4.53,6.43,4.21,93.8,1,1371.59,0.399,7.72,460.68,1
385,6809.83,95.48,0,3.42,61.6,8,2.82,2.35,5.48,95.51,4,3060.94,0.461,5.54,330.82,1
282,18441.83,95.3,4,2.74,69.1,0,0.34,8.16,5.79,90.37,8,3904.87,0.205,4.14,393.22,1
958,6505.93,96.89,3,0.92,93.71,17,1.35,4.59,3.12,99.14,6,3481.32,0.461,8.08,161.07,0
671,8968.1,97.91,1,0.83,84.86,16,3.54,4.26,0.54,98.51,2,2793.07,0.143,6.55,261.84,0
362,17697.18,88.69,5,1.34,82.52,24,2.47,4.07,0.04,89.47,9,4783.43,0.491,5.57,358.02,1
660,7692.38,95.34,3,1.36,72.76,9,2.74,4.27,8.36,83.21,2,1406.99,0.166,7.96,200.39,1
564,11203.52,96.13,4,3.24,97.18,10,2.98,4.7,2.0,95.46,10,4520.01,0.206,5.9,380.6,1
915,11747.89,86.17,1,1.3,73.25,14,1.91,6.84,6.3,84.86,7,4200.52,0.139,9.45,193.45,1
330,8678.88,98.58,4,4.47,93.4,9,3.87,6.67,5.77,96.86,3,2678.95,0.421,8.36,183.65,0
993,15653.68,81.89,3,1.44,95.84,19,3.62,4.05,4.0,91.74,2,1611.47,0.494,4.22,104.65,1
943,17770.02,99.89,5,0.91,79.33,10,3.57,3.65,8.33,87.88,9,1623.47,0.219,5.18,212.76,1
262,18118.63,95.4,2,4.44,95.77,19,3.58,8.61,6.98,91.13,5,4687.22,0.23,9.62,198.69,1
248,10089.83,81.87,4,1.83,71.07,10,4.45,2.74,0.23,90.66,8,1934.82,0.212,9.06,405.74,1
580,12962.76,93.12,2,2.41,86.34,5,2.98,6.1,7.77,98.49,9,4496.46,0.162,2.72,327.88,1
140,8726.1,80.68,0,4.82,63.52,24,4.84,6.16,5.07,84.29,0,3013.18,0.415,3.47,171.13,1
369,8671.95,95.4,0,4.75,78.96,13,0.6,6.59,3.47,98.56,7,2846.94,0.124,4.28,327.25,0
492,7418.81,95.98,5,3.72,68.69,17,3.16,9.09,7.27,80.63,3,3478.05,0.487,8.92,190.18,1
973,19100.29,92.05,4,0.81,62.51,14,3.58,6.99,6.86,95.38,9,1860.16,0.471,9.35,270.2,1
994,18319.83,97.14,2,3.17,60.15,8,2.39,9.79,3.11,98.39,2,2713.48,0.147,8.22,455.28,1
236,16660.38,81.96,4,4.95,72.99,24,1.44,8.97,9.83,87.88,0,4753.94,0.312,3.48,387.7,1
903,12764.92,85.52,0,4.76,83.58,9,2.75,3.72,6.49,81.46,7,1953.03,0.497,8.98,360.44,1
181,12359.12,88.28,0,0.98,78.21,24,1.82,3.93,6.06,96.09,6,4686.33,0.441,1.3,212.59,0
774,12946.18,80.85,3,2.28,72.07,10,4.55,4.76,0.7,96.86,6,4976.84,0.386,4.81,149.83,1
861,13048.52,88.96,3,1.92,99.65,0,1.78,5.13,2.79,86.73,2,1207.63,0.109,4.4,401.18,1
902,11518.45,85.3,5,1.08,97.58,0,0.88,6.42,4.47,90.37,5,3125.52,0.127,5.82,327.16,1
301,6976.32,87.85,4,3.63,65.03,24,2.88,3.86,6.31,96.19,10,1687.28,0.418,6.05,349.1,1
904,6884.96,88.5,1,1.73,76.6,13,1.98,3.78,5.13,83.84,8,3486.86,0.251,3.03,490.05,1
204,19283.75,97.59,4,2.05,85.95,9,0.48,5.05,7.63,92.58,10,4958.17,0.367,2.84,239.33,1
567,12230.46,85.41,2,0.91,89.34,20,2.82,7.38,2.63,88.61,3,4587.52,0.396,8.23,420.3,0
523,19298.08,97.87,4,2.74,74.65,15,2.69,7.51,7.02,83.49,9,4699.39,0.269,1.69,323.58,1
384,7453.65,88.52,1,1.21,89.85,16,0.87,9.81,8.17,96.63,4,1853.4,0.157,5.44,194.1,0
119,13316.25,86.56,0,2.44,64.97,17,2.99,3.62,7.65,86.49,10,3169.28,0.255,2.72,121.16,1
795,8115.76,90.05,0,1.15,73.27,4,2.84,5.14,7.71,98.69,9,1939.32,0.448,3.88,346.4,1
402,8797.77,88.35,5,4.79,88.66,2,3.87,9.72,8.89,91.38,1,4597.7,0.232,3.5,219.05,1
696,5450.82,85.15,0,1.15,85.03,18,1.81,7.52,0.84,90.29,10,1764.62,0.125,7.38,378.19,0
469,6784.3,90.05,5,2.85,93.49,0,1.24,6.74,6.97,88.47,6,1615.84,0.484,5.1,380.29,0
436,18752.73,83.04,4,1.39,61.87,17,4.76,6.32,9.69,88.01,8,1048.65,0.372,3.69,282.18,1
898,9822.99,87.04,0,0.84,66.98,3,2.81,2.6,5.74,96.36,6,1727.79,0.316,8.48,314.56,1
185,14121.94,91.32,5,1.41,61.94,6,0.14,9.15,2.17,93.55,2,1759.05,0.432,1.77,350.62,0
763,11975.21,88.27,0,0.75,67.68,17,4.1,7.0,9.99,95.47,10,1309.96,0.264,7.9,287.44,1
772,11006.77,96.48,0,1.13,60.17,15,0.98,6.57,1.75,88.42,1,4470.96,0.494,3.23,450.95,0
442,12978.29,85.13,3,2.72,80.17,19,3.93,6.32,3.36,85.23,8,4119.99,0.443,9.26,130.37,1
336,7808.58,99.4,1,3.43,81.13,15,3.53,5.14,1.72,81.74,2,2017.93,0.212,1.05,491.93,1
104,19829.06,95.69,1,0.89,86.32,1,4.84,4.04,4.65,95.53,8,4133.03,0.248,6.01,113.38,1
944,17274.62,99.35,1,2.48,75.4,20,4.83,8.04,4.19,88.31,4,2688.66,0.21,6.6,183.24,1
953,16124.22,96.76,3,3.12,60.13,5,1.37,6.08,4.91,90.18,2,4102.08,0.364,6.2,383.32,1
317,12031.39,82.84,0,1.55,86.96,3,3.83,2.27,9.28,89.39,2,2292.03,0.356,8.34,133.98,1
128,7293.16,90.53,1,2.17,62.17,21,1.58,5.19,4.78,88.62,3,3258.62,0.309,2.01,204.87,0
210,18809.99,83.4,3,0.82,94.65,4,3.15,9.43,5.15,93.68,9,2526.44,0.486,4.74,161.59,1
160,10120.81,96.36,2,1.49,60.91,13,2.99,4.99,8.87,92.17,8,1750.7,0.289,8.77,389.43,1
848,5751.6,91.68,4,2.6,81.22,12,0.27,5.31,8.18,99.44,7,3342.53,0.413,9.0,331.57,0
903,10136.06,85.27,1,4.96,95.8,19,0.03,6.99,2.4,82.78,6,4003.32,0.363,5.49,125.79,1
238,16916.86,98.59,3,4.98,82.9,1,0.29,8.41,0.13,91.47,4,4012.43,0.307,6.02,284.05,1
772,14340.63,82.3,4,4.91,84.34,2,0.64,7.35,6.29,81.26,9,2425.16,0.117,7.88,183.4,1
261,16262.58,91.28,2,2.4,87.26,10,1.29,8.8,8.45,96.16,3,3074.85,0.363,8.02,487.08,0
430,16904.53,94.42,1,0.86,64.9,11,4.53,2.91,5.53,92.33,10,4055.11,0.357,8.99,143.17,1
640,8179.32,81.18,3,1.96,87.0,19,2.59,9.4,2.11,88.57,4,1217.99,0.15,8.59,339.22,1
748,18856.75,91.96,3,1.57,95.21,15,3.98,9.23,7.41,96.04,3,1287.55,0.418,4.73,292.74,0
887,11569.84,96.32,0,0.56,98.97,3,4.19,6.15,6.7,89.1,5,2504.89,0.287,6.85,331.23,0
140,14585.2,81.35,3,0.93,77.72,24,3.67,7.0,5.65,84.56,8,1893.89,0.23,5.35,482.6,1
276,5034.63,90.24,0,2.54,73.78,11,1.96,3.7,8.63,89.45,7,2498.58,0.43,2.06,236.51,1
352,19900.53,85.17,3,2.03,90.13,24,4.32,5.58,7.84,81.42,8,1375.01,0.237,8.4,399.51,1
379,9213.45,93.26,5,1.31,81.71,24,3.71,3.62,6.68,97.96,0,3368.03,0.349,6.42,278.99,0
999,5930.95,82.37,3,3.72,70.29,1,3.72,2.18,6.65,94.62,1,3686.96,0.347,1.52,364.3,1
800,11873.93,98.74,4,2.11,66.89,12,4.51,9.85,6.62,95.21,9,4167.36,0.121,7.09,246.26,1
388,6935.45,97.89,1,4.33,66.81,10,2.99,4.07,5.25,97.49,10,3602.09,0.269,3.55,190.85,1
975,7284.9,83.72,5,1.58,78.37,12,2.64,6.74,4.64,95.83,1,2585.53,0.189,1.62,133.45,1
549,14484.24,86.47,4,2.92,66.8,7,4.45,4.4,7.1,88.64,9,4739.71,0.18,6.46,140.7,1
551,10893.91,91.75,5,1.33,60.79,13,2.27,4.96,6.1,82.37,2,3905.33,0.362,7.59,483.77,1
490,18827.79,94.36,4,2.73,62.08,12,4.06,5.18,4.9,87.47,10,3110.72,0.105,5.66,415.38,1
229,9787.35,88.85,3,1.19,97.2,4,0.27,4.68,1.27,98.68,10,1827.4,0.488,1.05,197.98,0
941,15892.7,83.13,3,1.23,62.92,7,0.01,7.1,7.02,98.98,7,3595.9,0.258,6.19,311.66,1
112,11916.49,82.08,5,3.26,62.93,3,2.64,9.69,6.46,95.36,2,3366.88,0.22,1.06,385.69,1
257,14899.27,100.0,5,1.69,78.05,21,0.37,5.43,3.42,84.09,8,3733.32,0.468,9.34,241.02,1
306,13995.43,89.11,2,1.28,69.8,16,4.88,9.79,3.56,83.89,1,4124.5,0.295,3.41,276.0,1
351,12091.76,97.45,0,4.68,98.51,9,0.03,7.34,2.47,97.6,3,4660.2,0.346,8.84,387.35,0
218,19250.92,89.65,0,0.69,96.44,9,3.59,6.86,9.62,82.84,7,4796.23,0.378,1.11,190.98,0
116,10140.7,98.45,1,3.04,76.19,1,1.22,3.9,8.6,91.68,0,3520.74,0.449,1.87,310.54,0
710,7658.53,81.76,0,2.97,77.95,7,4.84,2.5,5.61,87.57,4,4863.82,0.152,5.06,184.04,1
973,15171.41,82.28,1,1.63,75.0,23,1.91,8.82,4.02,86.04,8,4645.69,0.133,7.83,101.23,1
209,17690.11,98.59,0,2.54,61.51,0,0.14,6.59,7.37,93.55,1,1010.46,0.497,9.48,376.11,0
367,5603.81,98.95,5,0.89,71.71,3,0.13,5.32,5.28,99.19,4,3550.47,0.104,5.69,382.91,0
556,11744.49,86.29,0,3.75,64.91,21,2.77,8.5,9.76,95.55,0,1713.88,0.383,4.2,498.29,1
935,18387.32,87.1,3,1.5,64.09,13,4.93,4.48,0.55,89.72,7,2180.77,0.344,1.4,172.41,1
725,16244.28,89.05,2,1.37,82.43,0,4.9,8.27,0.34,88.81,0,2190.0,0.321,6.25,395.83,1
790,19877.12,88.32,1,1.92,63.95,12,1.69,4.62,5.69,98.15,3,2932.52,0.414,4.42,479.19,1
623,12971.21,83.8,4,4.56,64.12,18,2.41,9.37,2.03,91.56,5,1043.46,0.497,9.18,357.83,1
475,14899.94,97.97,5,4.08,79.22,8,0.5,4.14,6.04,89.93,2,1943.19,0.119,5.32,485.26,1
279,9537.2,85.07,4,4.76,77.69,9,2.61,3.1,7.81,93.66,2,1116.48,0.346,7.89,497.78,1
878,19213.03,94.11,5,3.43,65.51,15,3.0,7.58,1.38,84.74,9,3602.23,0.387,8.63,420.65,1
824,10495.03,81.34,3,3.48,60.18,14,1.26,3.3,4.41,81.27,8,4557.15,0.222,1.88,499.71,1
122,16077.66,80.78,4,2.66,67.72,22,3.06,9.59,6.89,97.1,0,4991.15,0.457,4.97,350.33,1
744,11047.1,93.07,0,4.57,69.44,6,4.5,7.24,8.34,92.15,9,2794.23,0.283,9.04,298.82,1
176,13427.28,86.78,5,2.8,92.01,6,0.0,3.85,4.96,83.3,5,2040.56,0.166,4.82,467.05,1
765,15796.74,93.11,4,2.1,96.62,3,1.14,3.67,2.06,85.96,1,4412.41,0.442,6.09,432.38,1
844,12634.01,81.88,1,3.38,76.24,16,1.05,9.39,5.86,99.8,9,1452.63,0.477,8.86,144.04,1
218,18606.29,99.0,2,2.96,76.2,13,0.62,6.86,4.55,92.69,3,4896.96,0.14,3.09,221.09,0
490,11289.51,94.97,3,1.06,88.5,8,0.83,9.15,7.72,92.72,3,3859.35,0.401,9.05,204.26,0
211,14706.08,97.53,0,2.27,85.08,17,3.13,2.88,5.56,81.44,1,3015.74,0.186,4.57,442.1,0
611,10135.44,82.73,4,1.91,67.37,9,0.51,9.4,2.79,99.38,9,1386.6,0.103,6.34,193.3,1
935,11122.35,86.4,1,4.31,64.31,4,3.69,6.16,7.54,97.86,3,1072.78,0.204,3.95,221.62,1
172,11600.75,87.37,0,2.2,77.5,13,4.44,7.35,5.18,90.96,6,3178.13,0.442,5.74,307.52,1
458,6887.11,90.74,1,4.2,82.59,10,4.63,4.98,1.78,86.19,2,2655.4,0.156,1.44,130.45,1
976,6375.86,85.94,5,2.49,65.55,10,3.3,2.47,5.63,93.96,9,4370.66,0.152,1.59,484.49,1
371,15012.35,81.21,1,3.89,71.73,11,0.99,9.66,9.48,96.67,8,3569.22,0.396,4.73,296.43,1
219,14832.77,87.38,3,1.11,72.24,22,0.43,9.96,7.06,95.72,5,2727.59,0.263,4.01,176.17,0
540,14943.65,85.09,4,4.66,70.45,5,1.16,4.92,2.99,99.54,3,1904.03,0.159,6.54,208.33,1
558,5296.5,87.72,0,2.66,78.43,6,4.81,9.55,7.11,92.74,7,2921.69,0.192,1.34,419.23,1
697,9898.2,83.94,4,1.67,86.12,14,4.81,3.34,2.83,86.42,5,1651.98,0.418,2.51,353.6,1
382,7967.15,85.24,1,1.59,80.38,1,1.91,3.24,5.43,89.96,10,3668.05,0.349,2.89,285.85,1
961,16672.27,92.54,4,1.69,68.06,3,1.63,2.58,5.27,96.33,7,3422.92,0.404,4.96,232.64,1
569,17909.46,87.76,1,2.15,64.12,14,2.55,5.13,2.47,85.31,0,4240.29,0.139,3.22,460.27,1
358,8700.21,86.91,0,3.73,92.87,12,1.46,2.42,3.48,84.63,9,2798.12,0.283,2.24,409.03,0
965,15017.74,90.68,4,4.77,79.17,16,4.9,5.16,9.42,94.5,2,2114.59,0.419,6.38,387.24,1
933,6940.44,95.44,4,3.51,62.49,2,1.11,3.11,2.51,88.89,3,4345.58,0.206,7.69,278.4,1
549,9127.29,87.58,5,2.96,70.32,21,1.85,7.84,8.01,96.33,4,3763.99,0.168,7.17,492.46,1
122,7079.82,91.75,4,2.52,92.16,12,2.15,8.67,6.67,82.87,2,3826.84,0.253,3.49,384.03,1
637,9252.81,99.32,2,4.23,90.07,3,0.63,7.5,5.33,86.71,10,3112.34,0.233,8.69,269.45,1
600,15121.05,90.44,1,4.32,95.03,7,1.91,3.6,1.38,85.36,10,4503.91,0.174,6.51,484.22,1
233,18654.9,98.2,1,1.82,84.08,5,4.28,8.13,2.05,93.96,1,1911.13,0.482,6.53,458.29,0
671,8037.84,95.87,3,4.79,76.92,11,0.7,4.0,1.79,95.19,3,2606.77,0.293,2.92,395.99,1
857,13131.19,81.17,2,2.28,77.07,11,2.92,8.08,5.87,89.12,4,4184.93,0.343,3.18,406.8,1
195,15520.87,88.58,2,4.1,67.76,10,2.03,6.54,9.73,89.56,7,1531.84,0.148,5.27,269.45,1
751,19293.84,93.97,1,4.85,86.03,11,0.85,4.93,8.77,82.64,6,4232.44,0.344,3.14,302.94,1
226,14150.91,99.73,2,3.67,83.4,22,0.06,2.67,0.25,94.04,7,2410.38,0.322,7.19,176.62,0
774,8826.6,89.17,1,1.23,66.19,23,1.37,8.62,2.74,99.85,0,1502.01,0.473,3.78,338.16,0
477,14382.17,81.86,0,3.14,95.43,12,0.31,9.52,1.57,95.56,5,1316.6,0.265,2.37,247.97,0
105,9807.37,91.24,0,1.03,74.74,24,1.88,7.33,9.76,84.46,2,4372.11,0.413,2.36,238.98,0
970,19641.93,82.53,3,4.05,61.99,20,4.05,9.72,2.36,92.46,2,4114.46,0.222,2.15,479.29,1
249,10995.14,95.03,2,1.77,73.12,20,3.6,9.47,2.01,85.9,8,2152.17,0.332,4.96,165.91,0
637,15281.42,90.15,0,3.63,94.79,5,4.74,3.56,6.21,80.6,1,1465.45,0.471,1.03,431.99,1
263,5348.41,94.47,3,4.6,96.68,10,2.14,7.85,5.56,83.6,0,1988.94,0.35,5.88,212.59,0
940,11000.92,97.39,0,1.31,79.62,8,3.54,4.79,2.26,82.05,5,1851.95,0.384,3.68,111.46,0
765,18126.61,92.58,0,2.27,98.25,2,3.33,5.9,6.7,83.92,8,3932.22,0.45,5.97,116.19,1
824,14153.41,92.25,0,3.41,95.01,1,1.09,3.26,0.97,95.91,5,1862.25,0.47,9.42,271.67,0
489,11659.14,95.09,2,2.39,93.01,15,1.52,9.8,0.19,85.86,1,1864.39,0.183,8.82,281.78,0
521,19039.06,96.85,5,1.29,94.39,10,2.65,7.81,0.82,95.14,8,1129.07,0.178,6.19,228.1,0
671,17809.77,97.38,1,0.63,75.28,20,3.98,4.14,3.65,98.98,4,3387.44,0.32,4.76,367.51,0
807,9833.24,80.73,1,2.33,90.26,16,2.31,4.97,9.75,91.49,7,3755.92,0.498,7.29,294.14,1
863,13168.23,91.12,1,3.42,83.09,2,1.14,5.38,5.47,89.71,2,3613.96,0.296,9.31,129.65,1
116,12347.36,84.33,2,3.08,88.79,20,4.97,7.98,7.55,95.0,10,3274.4,0.232,5.41,239.23,1
697,14483.04,97.21,4,1.2,67.11,12,0.58,9.41,3.21,81.94,3,4864.3,0.315,1.89,140.79,1
198,10011.67,92.97,1,2.53,89.26,14,4.78,4.57,7.19,88.56,10,2890.95,0.126,7.89,125.17,1
359,8663.08,88.4,3,2.16,98.3,24,4.05,5.78,9.66,89.98,4,4440.55,0.171,1.09,183.32,1
847,18690.08,83.76,5,1.73,72.11,16,4.19,6.75,3.58,96.62,8,3584.04,0.16,7.88,380.23,1
325,18858.12,86.78,5,3.78,99.45,0,3.97,5.15,9.99,96.28,5,1336.65,0.111,1.76,378.4,1
817,17649.84,94.08,3,1.89,75.14,4,1.04,6.03,6.38,96.97,0,4240.35,0.389,1.96,444.56,1
517,19673.07,84.09,4,2.93,67.99,10,3.16,2.85,7.49,93.96,1,3337.55,0.23,8.04,402.57,1
309,16174.87,81.87,5,4.65,64.49,0,3.78,3.34,2.52,90.61,4,3614.1,0.167,7.21,314.2,1
401,16470.01,97.76,4,2.93,91.4,4,3.73,5.21,6.43,96.56,2,1720.91,0.305,6.06,225.04,1
578,16438.85,95.28,1,3.28,82.19,19,1.36,9.32,5.11,97.47,6,2749.96,0.229,8.39,102.32,1
789,12209.11,84.0,0,0.83,72.29,3,0.91,4.79,9.56,89.61,1,4522.33,0.257,8.66,358.85,1
646,11846.78,85.85,0,1.3,84.34,4,1.64,4.0,9.05,99.71,6,1861.72,0.226,5.12,215.89,1
940,8603.39,99.44,5,0.95,73.28,12,2.4,7.94,3.97,97.5,2,1000.5,0.102,9.97,200.04,0
881,14672.29,94.16,3,3.94,77.93,2,2.87,9.59,9.47,90.21,1,2030.03,0.375,4.22,489.93,1
778,9339.8,92.21,1,4.26,94.51,6,4.18,5.67,8.85,81.39,4,2950.17,0.144,2.54,169.7,1
643,8867.13,86.15,2,1.34,86.73,23,3.85,2.07,5.9,84.49,6,4285.11,0.188,8.61,112.97,1
361,13789.42,85.98,1,1.49,90.5,15,3.38,7.51,0.82,95.53,4,3573.16,0.176,4.74,479.76,1
471,11149.74,80.79,4,1.95,83.34,24,1.32,5.32,1.61,82.22,3,4676.25,0.233,8.87,222.4,1
207,8282.85,94.57,3,3.16,99.66,8,2.39,7.39,0.77,89.4,3,2822.26,0.164,1.55,257.37,0
437,17240.84,80.86,5,3.3,69.66,15,1.68,4.22,1.08,92.1,3,2563.26,0.239,2.0,132.37,1
934,17908.55,80.1,1,3.59,70.49,5,1.17,2.02,9.77,97.57,4,1925.67,0.197,1.36,261.63,1
483,7515.49,94.59,2,4.57,63.7,9,0.05,4.76,2.12,96.94,9,1872.25,0.124,6.42,488.89,1
202,5112.61,98.98,0,1.83,82.16,4,1.7,7.64,6.91,95.29,6,3944.44,0.448,8.49,377.61,0
687,10041.95,95.13,5,3.46,84.53,20,1.28,5.14,6.37,88.15,4,1321.44,0.222,4.62,289.53,1
967,16962.66,89.43,3,3.02,89.04,4,2.86,3.75,6.31,82.84,8,1970.85,0.138,1.82,222.99,1
881,17587.61,89.72,3,1.88,73.42,5,0.31,5.71,2.07,93.39,5,4543.58,0.309,4.36,246.42,1
346,7074.94,88.72,2,4.58,60.49,11,1.35,8.02,5.79,83.63,10,3307.68,0.149,4.13,344.49,1
508,16615.04,86.49,1,0.93,85.29,10,0.22,2.96,6.26,91.23,6,1186.35,0.409,6.79,201.78,0
578,6735.56,90.43,5,3.7,99.95,7,3.21,7.53,5.7,99.61,2,3817.02,0.125,6.87,160.78,0
323,10850.94,88.62,2,3.78,71.78,8,2.84,7.34,1.86,91.01,6,3026.73,0.286,1.93,378.49,1
342,19979.14,91.96,4,4.62,67.36,7,1.69,4.97,7.23,92.91,8,4418.09,0.478,4.78,447.79,1
313,7888.86,97.96,0,2.83,71.27,22,0.74,9.76,0.73,93.55,2,3729.74,0.164,6.78,460.62,0
996,7309.45,99.9,1,1.95,77.02,14,4.79,9.16,5.91,96.61,2,1017.79,0.181,3.33,436.57,1
772,11342.0,81.57,4,4.22,70.04,22,2.92,4.53,4.36,88.7,6,1822.96,0.34,4.66,312.24,1
857,14295.03,87.69,0,3.97,73.88,24,3.4,2.25,2.5,89.95,9,2031.85,0.492,6.52,415.53,1
835,18993.51,83.61,0,2.75,85.53,16,2.66,4.47,8.07,83.52,3,3808.93,0.254,4.63,470.54,1
964,19712.32,87.04,4,3.96,73.8,20,4.03,3.64,1.76,92.29,5,3037.26,0.359,1.28,109.35,1
194,6044.61,85.75,1,1.71,75.84,2,4.48,6.38,9.33,85.92,7,3989.79,0.161,3.0,264.84,1
894,7069.96,83.49,1,3.15,61.6,23,1.91,9.35,8.85,90.15,7,3051.47,0.357,7.98,181.65,1
159,16861.07,95.28,3,4.39,96.72,12,3.45,8.96,3.61,95.33,1,2309.54,0.201,3.24,498.71,0
528,9059.48,89.93,1,1.93,76.28,17,1.15,4.45,3.05,80.35,4,1414.64,0.345,8.36,471.83,1
635,18272.74,98.38,0,2.68,73.13,6,3.26,5.43,1.37,91.28,10,1810.49,0.135,5.2,420.87,1
422,14951.8,80.65,0,4.78,63.46,2,2.0,2.29,9.16,83.47,9,2603.12,0.31,5.26,218.35,1
231,6677.67,81.34,0,4.09,85.37,22,0.03,6.35,6.28,85.59,8,3205.82,0.195,7.93,480.84,1
273,17487.94,88.07,0,4.49,94.55,11,4.78,2.51,0.32,80.69,0,4754.55,0.373,4.45,111.7,1
843,7645.35,81.61,4,2.23,61.65,3,4.34,9.51,5.11,83.39,4,1958.88,0.399,3.15,175.22,1
387,11352.43,85.25,1,4.98,65.81,16,1.45,8.94,0.86,99.73,0,3664.34,0.439,1.95,346.75,1
379,13282.77,99.72,0,1.19,65.86,1,4.99,3.71,5.74,99.97,3,1610.18,0.497,7.05,417.2,1
931,12511.49,84.18,0,2.83,84.09,11,1.59,7.59,5.09,94.4,9,3855.01,0.284,5.23,453.45,1
229,15292.44,83.96,2,2.66,96.85,17,2.29,6.54,0.83,92.24,4,1045.36,0.368,8.28,220.2,0
924,14790.3,91.47,5,4.09,77.51,18,4.26,8.41,8.16,95.54,1,3623.68,0.107,5.12,256.32,1
929,19880.63,89.96,2,4.59,73.75,11,1.52,5.81,2.62,97.93,7,1652.87,0.462,4.73,281.93,1
639,19991.33,91.61,0,3.79,90.63,9,2.25,3.53,5.41,90.39,8,1721.3,0.346,3.69,110.79,1
249,12746.89,87.53,1,3.32,89.7,20,3.33,7.12,6.39,80.71,7,3235.63,0.269,2.79,445.59,1
240,6427.99,96.54,2,2.42,69.87,4,0.65,2.64,9.62,94.19,8,2501.65,0.274,8.47,235.18,1
356,15917.65,82.77,1,2.8,66.43,1,2.11,6.68,4.94,99.69,7,2885.22,0.403,1.86,179.71,1
620,19649.96,88.57,5,2.79,74.31,3,1.55,3.7,9.17,85.16,6,2235.56,0.433,9.12,263.68,1
238,9774.9,93.8,4,0.59,91.02,20,3.38,7.48,3.55,89.27,9,4813.87,0.423,1.24,384.23,0
510,11918.13,97.36,2,2.76,87.8,11,0.68,8.62,8.57,87.23,3,2162.62,0.304,5.7,448.37,1
204,11371.65,87.39,5,4.35,86.63,0,1.16,2.88,2.36,87.81,5,3168.19,0.248,1.52,186.15,1
586,5771.29,91.35,1,3.69,93.18,4,3.56,5.2,7.07,94.43,6,4417.42,0.478,8.02,169.05,1
119,15083.97,81.38,0,4.08,71.09,0,0.78,7.87,0.89,87.57,7,3656.72,0.354,2.9,477.51,1
738,10300.07,83.41,5,2.26,73.59,20,2.11,3.31,9.86,98.82,5,2291.11,0.317,6.09,320.36,1
149,16811.96,81.38,5,2.88,61.69,11,3.56,6.53,9.54,95.79,4,3209.75,0.339,9.25,246.31,1
275,17481.8,94.56,1,0.65,94.75,1,3.83,7.37,4.42,80.55,1,1331.96,0.352,6.84,179.73,0
257,17318.46,85.76,3,2.22,83.3,5,0.47,4.84,5.24,96.37,7,3182.75,0.385,2.6,498.1,1
848,11249.99,94.47,1,2.63,71.92,15,4.26,8.66,5.98,95.46,1,2725.56,0.321,8.17,387.67,1
148,9823.19,81.33,3,1.65,62.78,14,3.62,6.09,2.75,90.33,5,4031.73,0.45,4.97,187.15,1
486,16232.31,97.25,4,0.64,88.94,20,1.7,7.02,6.74,89.94,4,4391.61,0.444,1.12,136.5,0
632,17020.84,96.71,4,3.61,89.95,0,3.82,3.13,6.99,96.71,8,1798.47,0.277,5.38,179.71,1
564,12368.86,81.78,3,2.46,86.65,1,3.64,2.19,5.25,88.5,5,1326.14,0.167,8.31,199.1,1
713,18395.47,80.48,4,2.37,68.15,0,3.0,2.41,1.48,83.19,0,2562.23,0.331,4.87,144.43,1
823,7158.63,81.13,3,1.62,96.53,9,2.79,9.23,9.19,86.26,5,3136.6,0.348,7.83,191.86,1
454,18186.03,97.07,4,2.92,90.13,18,3.67,9.06,1.15,85.3,2,2507.21,0.309,7.35,146.71,0
846,6441.43,84.69,1,2.47,86.31,16,5.0,8.46,6.29,93.62,4,3514.24,0.456,5.11,251.09,1
386,7302.88,90.97,2,2.63,86.04,5,2.89,3.6,1.03,83.58,3,3022.61,0.137,3.91,294.48,1
986,13007.6,88.52,2,3.11,96.17,16,4.04,6.2,1.46,92.9,1,4746.5,0.215,7.54,282.11,1
554,6012.78,95.91,3,0.53,97.13,16,3.72,8.37,0.21,89.32,10,2637.56,0.446,4.32,431.68,0
763,5792.11,89.78,0,4.58,83.83,4,4.28,7.4,3.63,96.79,2,1329.98,0.476,2.53,201.6,0
888,5007.78,90.01,1,0.82,76.67,18,4.77,2.92,6.4,89.7,5,2207.74,0.27,3.89,454.84,1
814,11544.75,99.78,5,2.53,74.55,10,0.97,9.16,5.22,98.6,9,3423.58,0.177,8.89,463.25,1
866,16619.36,83.0,0,1.43,92.76,1,0.83,3.29,6.75,98.01,4,2024.1,0.268,3.55,483.92,1
583,5522.58,96.61,3,2.86,85.78,9,2.93,3.37,6.75,83.71,10,2075.95,0.282,3.11,172.39,1
139,14783.86,81.03,3,1.76,63.09,19,2.25,9.21,1.4,93.72,4,2358.29,0.308,2.2,198.3,0
544,17346.91,89.55,2,4.37,65.69,17,2.85,5.88,0.57,84.29,10,3984.57,0.21,1.5,349.53,1
263,7520.01,97.73,0,2.28,96.01,6,3.99,4.98,6.25,96.47,4,4760.53,0.225,9.79,156.36,0
901,7202.96,93.3,0,3.37,95.38,18,4.66,6.43,6.53,92.71,0,2401.51,0.362,5.83,134.25,0
313,17912.01,93.7,1,1.62,98.07,9,2.09,9.85,5.57,85.88,9,1781.95,0.349,7.57,129.48,0
305,17346.87,85.27,0,0.59,77.11,11,3.59,2.96,2.46,84.98,9,2682.55,0.365,7.96,342.46,1
324,13084.13,88.37,0,2.32,91.36,2,0.98,8.06,8.11,88.59,10,2407.36,0.251,4.17,421.87,1
678,17288.0,87.33,0,2.91,93.13,24,2.67,4.67,0.76,96.01,1,4960.1,0.235,8.19,203.55,0
614,6391.34,90.43,1,2.57,72.63,20,0.11,2.94,6.32,95.92,9,2855.47,0.241,9.65,473.41,1
954,10917.22,89.24,5,4.83,65.81,4,2.52,5.38,1.2,80.67,3,3717.13,0.48,7.68,416.77,1
475,16066.96,86.54,3,3.68,99.88,14,2.73,6.39,6.54,86.05,9,4655.15,0.258,7.41,130.98,1
354,8861.78,86.11,0,4.98,61.21,19,3.68,3.65,4.18,88.46,10,3516.25,0.342,4.89,262.92,1
144,16284.93,85.02,3,1.83,83.89,12,3.25,5.24,7.18,91.71,2,1997.51,0.309,8.57,127.21,1
106,12562.68,87.3,0,4.05,86.01,5,1.79,7.09,0.52,82.99,4,3429.64,0.45,1.8,466.08,1
436,16253.99,83.0,2,3.0,87.27,24,0.03,6.61,5.55,86.71,2,2607.51,0.248,7.75,397.12,1
934,11970.19,97.44,0,3.25,70.23,6,0.58,7.79,1.45,97.71,3,2689.4,0.274,4.26,374.62,0
571,10518.57,92.04,0,4.94,88.86,8,4.87,8.69,6.82,89.53,6,4917.3,0.437,6.09,373.08,1
905,8287.84,82.68,0,3.44,68.66,9,4.61,5.27,1.2,94.88,4,2114.36,0.164,9.04,214.07,1
191,8125.69,93.88,2,4.54,93.16,22,1.63,5.38,0.74,89.7,7,2875.74,0.338,6.45,473.42,1
184,16272.36,96.95,2,3.77,68.76,12,1.29,5.97,7.13,89.3,7,1639.47,0.26,1.23,469.11,1
850,6783.66,84.75,2,1.07,87.87,17,2.18,6.53,0.64,92.44,2,1714.18,0.494,7.5,395.8,0
196,6289.74,83.01,3,3.65,91.34,22,3.45,2.87,2.25,85.19,0,3413.94,0.389,9.36,287.57,1
146,7644.37,80.17,4,2.68,67.56,23,1.78,4.5,8.25,85.0,8,4004.06,0.104,6.78,118.85,1
464,7630.2,80.95,4,4.63,69.52,21,0.34,3.38,8.1,99.79,1,3545.84,0.436,8.75,111.32,1
933,17346.61,95.25,3,4.13,91.16,22,2.01,5.09,8.54,97.38,2,2317.14,0.381,8.43,155.25,1
721,10977.6,99.74,3,0.97,63.44,23,1.3,9.79,3.26,94.76,6,1238.47,0.324,8.75,338.31,0
189,19855.83,80.9,2,1.1,67.63,24,1.62,6.66,5.28,82.74,2,2881.06,0.194,4.1,419.24,1
854,7058.17,94.96,1,0.81,78.22,16,0.81,5.44,7.73,80.6,2,3017.08,0.16,5.27,479.39,1
860,14803.1,81.44,2,2.72,97.21,3,3.29,6.53,1.37,83.51,3,4082.61,0.351,8.63,170.14,1
821,11730.94,91.84,0,0.86,82.48,2,2.63,7.35,7.24,98.75,5,3561.16,0.276,9.19,210.21,0
913,10893.77,95.12,5,3.76,75.51,19,1.35,5.48,0.97,96.33,9,4485.03,0.445,2.32,121.64,1
316,18126.26,87.18,2,2.99,99.13,7,2.77,5.58,9.13,90.46,10,4131.93,0.205,2.63,495.62,1
982,19633.93,80.22,4,4.26,78.55,20,2.46,7.61,6.37,99.38,8,2463.51,0.355,4.12,412.37,1
388,18092.88,91.9,5,1.76,77.35,23,3.98,2.49,4.93,82.93,9,3528.89,0.2,7.93,292.29,1
822,7884.51,99.82,2,2.84,76.47,16,4.78,6.32,4.85,91.18,5,3989.15,0.355,8.87,330.23,1
622,8311.97,85.15,5,1.03,72.49,19,0.65,6.38,1.81,83.66,4,4827.52,0.119,6.22,324.87,1
802,14841.11,83.79,2,4.48,73.03,6,4.42,8.05,3.46,86.13,9,2689.41,0.257,2.02,201.74,1
665,9336.25,82.48,0,1.29,87.51,10,3.52,9.86,7.27,98.8,3,3593.13,0.169,3.73,174.16,1
678,16020.88,91.11,0,0.96,61.63,24,3.46,8.37,5.41,97.37,8,2570.66,0.342,8.71,218.79,1
655,13496.31,91.93,0,1.42,87.27,20,1.87,6.03,5.29,82.04,10,3951.31,0.227,4.13,198.86,0
801,13263.63,95.85,5,4.13,68.05,5,1.72,3.36,1.95,84.99,4,4647.97,0.409,1.93,323.01,1
765,17428.2,95.06,2,0.98,75.37,23,0.03,6.71,6.9,91.89,6,4676.9,0.146,3.72,223.28,1
221,15657.99,97.85,1,3.26,65.86,12,4.91,8.67,3.92,81.23,8,1628.35,0.322,8.26,391.58,1
844,5398.67,96.12,2,3.86,82.11,21,3.03,9.46,1.83,91.0,8,1816.39,0.337,5.44,327.18,1
582,5741.89,84.95,1,3.88,89.17,13,2.01,8.6,9.44,91.69,2,4019.72,0.109,2.54,312.91,1
391,14023.38,91.12,5,1.36,74.19,15,2.72,3.51,5.07,85.82,10,3524.04,0.114,3.81,480.52,1
563,12292.88,85.95,5,0.78,66.54,4,0.2,7.7,5.28,85.86,5,4620.43,0.223,9.58,228.96,1
971,8902.77,86.6,0,2.52,69.06,8,0.87,9.04,9.81,84.58,0,2255.2,0.344,4.89,354.11,1
872,11279.84,98.64,4,1.41,92.72,18,3.12,7.45,3.66,98.71,1,4392.08,0.485,4.97,100.02,0
851,16368.65,93.64,2,3.65,70.71,21,2.57,7.49,9.43,87.78,8,3735.1,0.136,2.38,394.77,1
516,17399.17,99.49,0,2.11,90.99,2,3.94,6.0,6.95,91.71,4,1781.83,0.381,3.74,301.02,0
806,13418.35,88.34,5,2.52,73.25,1,3.29,7.1,6.33,86.03,1,1505.98,0.377,8.33,183.35,1
446,10780.54,90.75,0,1.01,67.55,17,3.01,4.36,2.34,94.05,5,3810.89,0.368,8.08,100.6,1
718,9060.45,89.74,1,3.05,89.09,11,4.08,2.71,0.52,82.03,6,1633.85,0.306,4.92,382.78,1
676,12828.78,82.15,0,1.33,78.74,21,0.34,8.62,4.38,81.43,0,4177.32,0.487,9.04,365.08,1
325,9721.24,84.73,2,3.56,61.25,1,3.45,9.55,0.1,94.89,3,3228.38,0.301,4.42,366.16,1
340,13461.43,90.55,3,0.82,98.4,8,3.58,8.85,0.71,94.53,5,2907.47,0.435,8.78,274.98,0
155,15149.79,81.35,1,4.89,65.91,0,1.38,4.67,5.95,85.3,8,2102.12,0.205,1.28,355.72,1
225,5991.19,98.63,0,3.58,74.14,17,0.98,2.75,7.24,87.1,7,4935.38,0.423,4.13,328.53,1
490,5016.01,82.48,0,1.32,75.39,21,1.07,4.24,1.68,99.15,0,3888.67,0.499,8.7,195.56,0
530,8184.16,83.96,5,0.56,79.58,3,0.99,8.74,7.33,82.09,6,4112.25,0.464,9.11,307.51,1
248,18417.67,95.31,4,2.01,91.42,8,2.62,7.25,9.5,83.66,9,4074.84,0.222,7.81,305.84,1
475,14694.36,81.94,5,1.19,60.24,21,0.68,9.73,7.43,88.6,0,3336.06,0.438,7.03,429.45,1
644,7579.41,98.01,3,1.48,97.3,1,3.3,4.74,7.85,85.64,10,4758.8,0.138,8.34,273.4,1
309,18353.96,94.51,3,4.43,85.84,23,0.53,6.41,7.01,92.98,1,3335.29,0.371,7.37,274.43,0
404,12049.34,81.37,4,3.21,98.03,22,0.13,8.32,2.25,93.81,6,3080.18,0.237,3.29,493.76,0
431,12141.38,93.84,3,1.29,92.7,3,1.6,3.87,3.61,90.53,3,2094.84,0.363,5.2,457.79,0
555,19033.13,92.63,2,3.0,97.11,3,0.96,9.71,9.49,92.22,8,2126.94,0.265,6.95,196.91,1
430,5892.3,95.15,1,1.65,84.04,17,4.94,6.74,6.61,88.67,9,3947.54,0.104,6.29,464.12,1
763,8227.67,96.56,2,4.89,74.29,0,1.51,2.06,7.89,95.21,9,2339.07,0.193,8.97,155.19,1
395,13786.57,94.37,0,0.65,77.72,12,1.11,2.2,9.69,80.84,9,3914.84,0.117,5.26,441.36,1
490,7932.3,91.72,1,3.8,86.32,1,0.98,9.06,2.31,86.26,8,4810.83,0.271,2.6,173.33,1
441,15192.91,86.45,4,3.98,77.08,13,1.87,7.16,3.22,93.69,3,2757.23,0.436,2.93,270.24,1
264,8211.38,93.95,5,0.8,89.27,8,3.03,8.1,6.45,86.59,5,1389.3,0.395,8.61,493.57,0
717,6487.35,99.14,0,1.27,63.67,17,3.91,8.27,0.24,81.57,7,3666.19,0.416,1.08,138.82,0
312,8104.78,91.75,0,2.23,93.2,22,1.82,5.36,5.71,86.9,1,1038.09,0.423,8.82,435.92,0
367,11341.01,93.29,0,4.41,68.17,12,3.13,8.39,8.09,94.23,6,4148.01,0.249,1.5,297.89,1
814,7642.07,88.74,4,2.92,97.76,16,2.41,9.5,6.1,82.44,5,3102.61,0.302,4.52,144.4,1
954,7020.38,95.12,1,3.45,66.22,15,4.23,3.38,2.95,94.49,10,2958.93,0.303,8.2,481.0,1
704,17904.23,99.95,1,4.02,65.17,24,2.85,8.11,7.24,95.51,0,3277.77,0.145,4.67,319.69,1
925,9805.96,83.21,0,4.23,92.48,5,1.45,4.46,1.46,92.71,1,3065.63,0.339,8.4,452.26,1
869,10411.38,84.05,5,2.64,92.75,5,3.52,4.57,8.95,84.88,0,2295.11,0.388,1.9,447.64,1
533,5829.06,90.79,2,2.79,89.55,9,4.1,5.3,1.01,96.11,6,2126.04,0.344,5.6,105.85,0
794,10360.54,89.63,4,3.73,98.42,18,2.33,8.91,8.63,84.29,6,2661.19,0.398,6.24,205.94,1
395,8972.11,91.43,4,1.69,70.82,21,4.94,2.18,4.98,98.12,6,4579.64,0.148,9.02,234.77,1
514,14157.28,80.98,0,4.35,93.07,6,4.4,5.47,4.29,94.13,2,1541.48,0.405,1.84,313.95,1
582,8080.85,88.09,4,0.59,74.08,2,0.98,7.44,5.01,81.09,3,2299.06,0.183,4.05,128.75,1
965,18325.48,91.66,3,1.38,81.5,15,3.93,2.88,2.0,95.99,4,1769.2,0.451,6.93,255.59,1
864,18945.0,91.7,3,4.1,77.82,14,3.0,8.34,4.58,90.13,0,2708.55,0.198,9.82,425.86,1
540,6497.47,93.15,1,2.03,60.23,9,2.67,9.54,8.5,89.05,8,1533.99,0.297,8.63,169.28,1
687,6611.04,94.4,5,1.17,82.98,4,2.57,2.73,8.01,88.41,0,4043.18,0.295,8.62,380.51,1
282,6729.9,92.83,5,1.34,89.9,21,4.27,3.22,1.63,92.13,7,1413.87,0.208,5.65,284.13,0
824,14293.54,95.8,2,2.89,66.98,21,3.05,9.79,6.73,94.49,4,3661.05,0.245,6.08,128.28,1
598,6829.53,92.5,0,4.31,97.27,18,2.69,3.58,8.57,97.92,10,2070.84,0.174,8.73,170.95,1
579,17785.73,90.75,5,0.82,81.22,14,0.24,2.63,8.2,85.46,7,2888.76,0.328,8.83,156.41,1
790,16314.07,92.12,5,0.64,67.13,6,2.24,9.62,4.26,92.62,5,1799.95,0.465,8.22,347.89,1
670,17297.13,82.02,3,2.59,85.84,10,4.54,9.14,0.48,93.73,7,3920.89,0.227,8.37,134.93,1
165,12890.91,85.46,3,4.8,67.68,1,3.56,7.25,9.31,93.5,1,4793.1,0.303,8.92,429.22,1
359,19950.16,90.55,1,1.76,62.54,6,0.25,6.41,3.96,89.86,1,1886.98,0.445,2.02,422.66,0
259,5662.63,97.46,0,4.82,87.41,11,4.42,9.35,3.61,87.82,5,4812.61,0.281,3.63,132.02,1
762,11018.97,93.58,5,4.49,64.43,10,4.13,7.24,7.6,95.25,9,2301.1,0.433,9.79,455.28,1
131,9859.05,81.81,2,1.77,64.25,2,2.73,7.27,2.64,86.0,9,3231.39,0.279,5.9,483.66,1
282,19229.68,91.85,1,4.18,89.6,23,0.11,8.75,8.35,84.16,4,3806.36,0.276,2.59,117.39,0
638,13652.91,84.43,4,3.59,62.21,6,2.81,7.23,0.76,90.92,3,1797.07,0.163,5.53,480.13,1
726,17092.86,94.68,0,2.8,92.39,12,0.27,6.03,7.41,85.35,10,2779.06,0.15,6.81,211.78,0
553,7555.12,96.55,0,2.4,91.85,11,1.6,5.12,9.66,80.66,6,1271.31,0.345,8.45,365.9,1
875,19679.51,91.87,1,4.17,65.66,11,3.14,6.03,9.96,81.03,1,3788.22,0.431,8.31,169.93,1
927,12479.59,91.83,2,4.07,80.74,21,4.56,6.18,9.24,93.9,2,2666.46,0.154,1.44,426.98,1
219,12405.08,86.77,2,3.91,63.87,18,1.79,4.89,8.71,99.46,9,4566.58,0.464,5.08,436.77,1
958,19563.27,88.93,1,4.99,85.3,21,4.3,5.58,2.79,89.09,9,2095.97,0.244,1.19,491.34,1
653,10710.99,97.28,2,2.65,62.52,9,4.59,8.41,9.67,82.94,9,4694.41,0.27,8.99,497.01,1
673,10962.88,94.47,2,4.13,97.78,6,0.11,5.33,9.28,96.36,0,1564.16,0.458,2.57,130.34,0
185,13771.29,90.4,3,4.38,68.31,10,1.2,2.2,5.34,85.23,9,3427.87,0.459,6.62,363.19,1
660,6920.79,87.36,3,1.45,87.32,14,3.55,4.26,4.02,99.91,1,2231.23,0.31,6.14,209.22,0
753,9816.28,81.01,5,0.69,65.13,8,3.78,3.85,1.09,91.27,8,1727.13,0.211,6.63,150.23,1
623,7898.12,82.86,4,2.32,68.38,11,1.96,8.35,5.91,84.65,9,1375.75,0.169,6.07,159.52,1
176,6549.25,83.86,1,4.36,78.04,3,3.28,5.59,7.01,89.92,3,3622.57,0.209,7.44,474.57,1
571,17992.17,87.47,5,1.8,82.92,14,3.06,4.24,4.04,86.71,2,1932.67,0.412,6.63,373.46,1
943,13839.97,98.88,3,3.65,99.95,17,3.7,8.49,4.06,95.59,7,3291.26,0.23,1.81,120.18,1
751,10380.09,90.1,1,0.53,61.04,13,3.59,2.15,5.73,82.12,0,4917.67,0.378,4.3,493.69,1
223,11130.04,84.7,2,2.1,60.01,21,0.43,3.39,0.28,97.14,6,2263.85,0.178,5.92,423.12,0
964,11472.79,82.12,4,3.27,74.01,24,0.79,8.62,9.58,95.35,3,1139.78,0.291,3.93,223.67,1
963,14497.24,86.77,4,1.08,74.65,22,0.66,6.41,2.9,97.23,4,1571.29,0.241,7.84,288.35,1
252,18901.54,96.31,2,4.53,95.35,2,4.66,8.19,1.41,97.9,9,1477.29,0.301,3.86,390.63,1
821,18991.69,87.67,0,1.2,96.5,22,4.57,8.71,0.05,84.6,10,2853.13,0.328,8.46,370.41,1
466,10872.38,95.45,1,4.59,95.22,8,3.99,9.54,8.57,90.42,4,3978.6,0.496,2.32,285.23,0
634,9938.94,96.05,0,1.47,65.73,11,0.58,2.51,8.63,97.0,3,2185.78,0.46,7.92,304.96,0
501,11765.7,82.22,4,4.97,76.48,10,2.87,8.39,0.95,87.55,9,1583.37,0.378,2.65,117.28,1
805,13519.01,92.17,3,3.22,89.84,7,0.94,7.67,1.52,81.21,4,3563.07,0.161,5.75,300.25,1
997,11927.27,99.18,2,0.88,72.5,21,1.84,3.66,4.48,85.83,2,2204.72,0.468,3.88,236.1,0
816,14881.3,88.04,4,0.79,86.53,15,1.34,9.45,1.86,84.84,9,3300.68,0.457,6.74,214.02,1
939,13315.99,81.02,4,0.84,69.49,24,4.14,5.23,7.36,97.4,10,4735.15,0.455,2.91,207.85,1
952,9810.73,98.47,4,3.15,72.94,23,0.72,9.1,0.58,89.28,3,2165.39,0.292,8.16,359.58,1
181,10185.96,97.67,0,4.14,94.42,10,3.23,6.84,5.5,93.67,1,3049.97,0.168,6.16,271.7,0
328,10678.89,90.44,3,2.31,70.02,18,4.92,6.21,3.83,99.24,1,4227.25,0.402,9.62,270.32,1
750,6419.6,91.05,5,2.5,98.57,12,3.44,3.28,4.65,85.98,6,3766.87,0.255,7.41,163.67,1
631,7490.94,84.23,4,3.15,72.25,12,0.4,9.31,4.25,95.22,3,4005.91,0.238,6.47,484.75,1
145,15846.71,96.39,1,2.9,60.94,18,4.54,6.45,1.53,80.46,6,4090.28,0.256,8.46,189.57,1
185,10836.45,89.97,2,3.6,70.2,17,3.22,2.05,2.2,82.08,8,3159.66,0.324,2.98,262.44,1
569,8218.08,80.68,5,2.62,66.85,22,2.28,2.15,0.65,83.24,0,3144.25,0.233,6.69,176.08,1
655,13440.09,93.66,0,3.71,80.27,19,3.3,8.22,1.15,86.25,9,3875.56,0.376,4.51,381.26,1
251,16333.09,99.01,3,4.99,64.51,15,4.4,3.3,9.78,88.06,0,3790.59,0.359,7.69,274.45,1
254,8861.34,96.58,0,2.08,85.04,22,2.39,6.79,2.8,89.54,1,3680.23,0.304,1.22,265.46,0
216,17401.85,85.54,5,0.55,95.0,2,2.66,7.45,3.07,84.91,7,2528.54,0.122,4.85,450.04,1
609,18912.57,81.07,0,1.07,74.5,19,2.26,4.23,1.27,81.32,6,4314.17,0.475,6.87,403.79,1
107,13960.92,98.81,0,2.99,66.74,9,0.36,6.55,7.55,93.55,10,1944.81,0.265,5.15,307.95,1
615,15034.21,98.74,1,2.05,76.0,10,3.94,3.92,9.24,80.47,6,1622.93,0.28,3.14,287.44,1
528,5788.64,90.65,1,4.73,91.44,19,0.63,9.57,7.9,96.19,4,2380.65,0.282,5.18,483.96,0
519,19182.8,92.85,2,3.32,83.66,6,1.97,8.88,6.13,98.58,7,2015.32,0.246,8.65,482.58,1
712,10887.27,89.25,1,2.84,64.05,22,1.93,4.3,8.13,94.21,8,3652.73,0.37,2.86,381.91,1
570,18858.51,88.4,2,4.09,81.49,12,1.4,6.23,4.04,91.92,7,1924.07,0.106,4.3,404.06,1
755,13684.66,82.39,3,1.66,78.72,8,2.01,6.01,8.59,93.14,4,3625.96,0.449,9.91,459.64,1
788,5069.28,81.94,3,4.19,73.08,8,3.09,9.68,7.99,93.04,10,3052.89,0.141,9.22,485.72,1
929,5578.13,84.65,5,0.51,64.41,10,1.56,5.15,0.02,98.63,3,1609.8,0.5,1.31,132.91,0
820,15206.28,96.73,2,3.29,99.24,23,0.86,6.5,4.88,99.29,3,2033.59,0.351,5.77,498.94,0
566,13440.02,82.92,3,4.71,67.04,2,4.35,9.43,2.65,88.53,3,3086.91,0.126,1.59,381.21,1
543,5397.99,84.53,4,4.05,67.71,12,4.85,3.3,0.86,92.34,3,3932.42,0.325,9.32,337.1,1
312,16151.9,90.97,1,4.34,65.82,20,2.29,6.4,8.46,96.06,2,2593.01,0.233,4.97,265.27,1
640,17782.18,84.3,4,2.29,82.81,11,1.64,2.85,0.08,80.02,6,1931.33,0.481,4.77,234.56,1
225,12446.26,83.26,5,4.21,77.75,14,0.24,6.94,7.3,90.54,8,2180.31,0.402,3.46,421.68,1
939,11986.36,91.27,1,2.98,69.98,8,0.18,4.93,9.88,93.06,4,1380.47,0.303,6.12,361.77,1
861,5082.1,87.36,1,3.28,77.18,3,1.96,9.74,4.82,94.34,10,1100.6,0.272,2.3,180.28,1
207,16799.75,92.52,2,0.77,86.94,15,4.65,5.32,3.71,87.38,5,4892.52,0.498,8.19,343.96,1
808,9960.74,98.24,1,1.41,71.27,22,3.65,3.09,6.06,85.91,5,1385.64,0.367,5.42,156.47,1
205,18181.45,83.02,3,2.98,96.61,13,1.75,8.67,8.05,83.64,0,1499.55,0.306,6.1,298.75,1
749,10595.91,98.27,5,0.76,72.25,10,4.84,8.57,2.4,91.16,9,4483.86,0.259,8.57,333.38,1
179,13476.17,98.05,3,3.84,67.93,3,2.14,7.56,2.51,98.39,1,3654.02,0.23,2.67,354.27,1
539,9055.13,96.58,0,4.28,98.18,23,1.38,7.99,6.07,97.92,1,2744.29,0.382,2.58,158.1,0
692,7408.82,92.63,1,4.64,92.42,21,2.13,4.12,9.4,87.2,10,3596.09,0.335,4.79,138.24,1
756,16623.62,92.4,4,0.96,73.73,22,1.06,7.14,2.98,85.16,5,4739.94,0.439,8.08,203.48,1
477,12448.86,92.78,1,4.73,93.66,8,4.43,2.3,3.77,95.78,0,1397.51,0.321,1.53,342.81,1
930,13047.32,93.81,3,0.8,80.75,15,1.81,3.58,9.93,94.5,4,1974.84,0.333,8.16,472.67,1
797,19481.24,80.33,4,2.63,73.87,10,3.29,9.46,1.76,90.11,6,4441.2,0.291,5.51,411.65,1
287,19453.7,99.16,1,4.28,93.58,5,1.95,7.91,0.77,87.78,0,4122.56,0.405,6.06,398.28,0
704,17834.63,91.71,3,0.82,90.09,5,4.51,3.85,5.9,82.48,8,4977.03,0.266,6.08,232.09,1
758,7814.14,95.63,2,0.58,71.91,9,3.21,2.89,0.24,95.7,7,2255.64,0.441,1.51,144.68,0
400,13914.09,87.55,0,0.61,84.27,13,2.44,9.59,1.8,92.35,0,4779.55,0.231,3.25,456.78,0
765,18172.21,80.25,2,2.8,74.78,3,0.66,2.9,6.22,87.54,6,2374.76,0.377,7.8,300.34,1
909,10616.96,90.19,2,4.15,60.04,17,4.51,4.06,6.6,98.38,2,3860.37,0.457,4.71,140.2,1
836,6516.59,90.14,0,1.07,98.47,11,2.73,3.46,5.1,93.19,8,4530.97,0.408,6.04,313.99,0
787,17164.44,88.74,5,1.06,81.99,22,1.43,2.06,3.84,98.58,4,1683.13,0.237,9.5,370.16,1
671,12226.45,86.79,3,3.06,83.94,6,4.39,4.51,5.76,89.49,2,1822.55,0.383,1.42,227.96,1
343,13465.89,85.0,0,1.55,84.0,1,0.27,9.79,6.43,89.09,5,3323.83,0.183,5.05,103.7,0
816,19732.16,90.55,5,3.79,82.03,7,1.57,4.74,8.03,98.74,4,4375.3,0.123,4.25,348.64,1
428,14108.17,87.51,5,4.77,71.6,24,2.68,6.03,7.93,99.2,3,1315.8,0.417,1.96,116.04,1
579,11374.69,99.4,0,3.95,98.86,8,1.7,7.97,6.65,99.22,9,4403.52,0.423,9.56,273.12,1
383,10549.77,83.46,0,4.45,84.87,17,2.38,6.41,8.94,96.38,7,2372.48,0.109,9.65,429.91,1
382,11264.29,86.39,2,2.84,86.84,21,1.32,7.95,8.38,89.25,5,2624.91,0.479,3.8,499.54,1
242,6775.99,85.88,3,4.25,78.19,7,0.65,7.29,1.33,84.21,2,2359.44,0.278,9.52,248.12,1
966,16921.26,90.87,4,1.32,71.51,16,0.18,6.87,9.57,87.67,6,4645.92,0.462,1.32,108.05,1
233,17565.75,89.99,2,0.81,62.57,5,0.79,7.2,8.92,98.77,0,1523.18,0.415,9.83,297.16,0
177,9265.96,92.87,3,3.45,74.01,9,4.76,8.39,3.21,87.27,9,3297.1,0.46,8.52,210.51,1
943,9556.95,99.0,0,0.73,67.04,7,2.88,7.68,0.2,95.13,0,1592.43,0.433,2.93,457.11,0
600,18115.01,85.7,3,4.52,86.48,16,2.44,8.33,6.04,98.46,7,4714.38,0.49,6.4,384.6,1
494,5359.56,93.86,5,3.61,95.16,21,1.92,3.16,4.38,99.41,3,4191.73,0.352,8.18,261.73,0
764,12806.86,80.5,3,4.78,72.11,6,3.54,7.42,7.5,98.95,7,1935.28,0.191,3.87,404.81,1
445,11955.14,85.25,2,1.91,73.32,7,0.71,7.9,5.25,91.1,3,2191.11,0.256,4.18,236.48,0
215,15351.9,89.27,1,2.69,86.81,20,1.38,4.4,0.76,89.84,0,2526.06,0.401,6.66,308.71,0
757,7450.88,80.62,5,3.84,65.97,11,3.28,9.0,2.45,99.75,10,2621.67,0.163,2.32,469.11,1
258,15024.96,92.35,0,1.59,97.18,12,2.4,4.44,8.83,84.36,8,4269.37,0.472,2.06,180.06,0
598,10651.01,93.57,1,2.94,74.55,17,3.85,3.95,0.38,83.75,0,3258.13,0.182,3.25,225.22,1
955,14280.72,94.93,0,3.47,64.05,3,4.49,8.94,7.37,99.26,0,2711.8,0.45,7.67,454.24,1
943,5601.43,90.33,5,4.9,66.99,21,4.12,3.98,2.92,93.78,5,3877.78,0.293,4.3,284.75,1
425,11925.91,92.08,2,3.85,97.31,9,0.92,5.32,4.53,90.73,10,2831.46,0.436,5.57,227.16,0
803,12833.76,87.92,5,1.03,69.88,16,0.46,4.94,5.31,82.64,6,1512.96,0.483,2.76,114.92,1
652,8214.9,80.83,3,2.64,86.49,10,0.85,9.18,2.5,90.26,0,1429.96,0.269,2.75,267.58,0
531,7094.35,82.0,3,3.15,66.25,18,3.92,5.64,6.52,98.88,7,2303.83,0.379,6.85,300.24,1
226,7827.11,93.1,3,1.16,67.76,15,4.57,7.55,6.93,92.06,4,3411.48,0.191,1.98,262.53,1
439,10162.12,99.91,1,2.44,95.17,4,4.63,8.35,0.85,88.09,7,1539.37,0.42,7.01,210.98,0
687,6452.15,80.32,3,1.78,65.92,4,1.49,7.02,3.74,91.02,3,3200.54,0.428,4.61,247.65,1
988,19209.8,91.15,4,1.03,60.75,21,4.2,9.55,7.44,97.72,0,2078.44,0.218,7.04,356.98,1
104,11074.91,95.02,5,2.8,80.05,12,2.68,8.42,7.22,98.26,0,3781.65,0.11,4.44,456.51,1
746,17134.54,96.54,3,1.25,94.51,6,4.11,5.2,5.45,88.0,6,1113.05,0.272,8.61,359.87,1
862,19616.26,90.9,5,3.16,73.04,3,2.74,9.61,7.78,92.16,6,2876.09,0.168,1.5,358.46,1
957,6211.03,92.4,5,1.26,65.13,3,0.73,6.2,1.08,85.58,3,1209.06,0.427,9.04,426.75,1
481,14775.04,93.93,3,3.76,99.29,22,0.4,2.18,1.18,89.02,0,2322.03,0.204,3.42,166.06,0
206,18071.14,97.18,2,1.38,87.07,24,4.79,4.08,6.57,84.4,8,1062.3,0.477,1.38,220.44,0
344,14513.52,82.45,0,4.53,94.03,9,2.13,6.97,6.93,90.63,1,2876.4,0.489,6.06,120.24,1
866,11435.39,98.52,1,0.62,90.09,5,1.75,3.25,8.15,91.56,2,4068.06,0.464,3.02,239.86,0
891,11466.15,80.52,5,2.85,87.93,10,1.78,6.67,1.81,86.76,4,1400.88,0.34,5.13,499.53,1
674,5538.48,96.72,0,1.94,75.38,3,1.89,4.89,5.17,85.44,7,3940.89,0.207,8.22,231.72,1
210,13019.01,81.53,2,1.51,72.97,13,4.72,6.28,6.61,83.02,10,3336.78,0.423,8.12,443.91,1
209,19903.14,83.89,4,2.62,88.68,15,0.31,2.01,2.24,82.79,6,3018.42,0.381,6.4,134.31,1
530,19380.61,80.08,1,4.29,88.67,24,0.6,8.79,5.17,94.23,10,3397.93,0.491,9.8,283.88,1
630,5605.99,88.91,5,4.62,98.02,7,3.95,4.9,6.38,84.43,7,2343.59,0.251,5.17,240.59,1
129,15586.96,86.69,3,1.86,82.75,4,2.75,3.12,2.14,82.36,9,3841.36,0.124,1.35,180.63,1
718,9526.47,83.32,0,1.19,71.78,3,0.64,5.5,3.76,99.98,1,4118.66,0.499,8.37,249.0,0
590,18544.84,89.02,1,3.74,79.58,9,0.17,5.89,2.16,85.2,0,4112.9,0.435,2.99,360.51,1
111,5676.72,88.05,4,3.12,84.55,15,1.12,7.1,9.03,97.92,7,2077.84,0.189,2.59,296.12,1
186,19038.11,95.35,5,1.4,77.07,1,1.3,6.2,2.37,92.18,10,3615.63,0.39,1.63,437.73,1
509,17562.14,97.86,5,3.92,91.65,18,0.07,2.35,1.21,94.3,8,1592.38,0.1,3.95,461.98,1
751,6762.57,93.05,5,2.84,83.38,11,1.08,8.97,0.35,91.22,3,2981.68,0.323,3.94,292.76,0
843,5897.37,82.49,0,3.44,60.38,19,3.69,5.65,0.45,83.62,5,1010.52,0.245,3.72,492.69,1
488,17520.61,85.91,4,2.12,82.79,11,4.28,2.62,1.92,96.94,1,1774.35,0.253,6.34,128.81,1
366,7336.37,98.27,0,2.48,85.34,3,4.49,8.18,6.08,96.56,3,3526.94,0.198,7.76,210.54,0
972,13023.47,81.77,0,1.31,96.61,0,1.95,7.28,0.18,86.99,7,4497.45,0.21,9.44,266.68,1
513,18736.17,88.14,4,3.9,76.55,13,1.6,7.2,2.87,95.28,1,1196.11,0.282,1.85,333.08,1
384,13511.72,98.85,2,1.21,82.98,13,5.0,5.42,0.58,90.86,5,3234.21,0.199,2.35,318.37,0
498,10958.5,99.01,3,4.0,79.0,20,3.85,5.28,4.04,98.18,3,3547.1,0.287,6.31,327.19,1
110,11675.24,88.22,5,4.09,81.27,21,2.69,6.29,0.49,96.06,5,4729.56,0.331,1.88,458.5,1
372,5946.76,93.35,0,3.86,62.69,4,1.27,2.4,6.08,80.82,8,3620.58,0.384,4.34,211.03,1
564,19531.28,89.13,3,0.59,95.89,7,1.61,4.39,6.88,97.59,9,1412.13,0.371,6.62,426.74,0
927,9659.81,95.07,5,1.73,96.42,5,2.58,9.9,7.31,99.37,4,1586.98,0.197,8.02,323.2,0
765,7840.45,80.63,2,2.61,81.92,2,2.71,7.3,2.24,94.84,9,3543.06,0.116,2.96,296.2,1
803,9290.71,82.88,3,3.18,82.26,0,0.07,5.35,8.69,82.4,7,1862.48,0.433,7.01,219.77,1
590,19465.6,92.28,2,4.64,62.3,2,4.8,3.78,6.9,96.15,10,4713.22,0.449,6.81,221.63,1
199,6414.29,84.65,5,2.19,83.92,13,2.88,7.96,0.57,92.95,8,4682.75,0.492,8.74,255.39,1
452,18009.55,93.32,0,4.44,77.17,3,2.95,4.08,4.41,86.78,6,4794.62,0.484,3.82,405.4,1
998,15617.66,87.02,5,1.24,88.36,4,1.06,3.3,7.68,97.68,7,2171.81,0.354,7.75,290.69,1
139,17450.29,97.73,4,2.17,61.88,2,3.82,3.24,3.11,91.31,3,3867.8,0.458,7.77,161.53,1
892,19638.46,96.39,4,0.74,88.44,18,3.69,7.83,3.82,97.06,7,3652.06,0.279,3.15,403.95,1
716,17632.32,89.86,2,3.84,71.48,15,0.48,7.14,6.3,93.4,7,1142.42,0.415,6.59,365.35,1
355,19150.74,95.46,3,1.18,86.07,24,2.97,2.56,0.55,85.77,6,2062.26,0.482,7.08,479.7,0
800,6904.03,85.42,2,1.66,85.09,2,3.29,2.92,9.67,99.5,1,1827.07,0.419,3.47,311.77,1
854,16936.83,89.89,1,3.99,69.07,5,4.18,7.07,1.74,91.42,5,2483.23,0.266,5.07,361.77,1
138,13185.14,83.95,5,2.91,77.62,11,1.03,6.57,0.27,90.34,7,4812.21,0.251,4.92,291.73,1
195,13152.43,97.22,3,0.56,93.43,16,4.39,7.49,0.05,88.07,2,4382.41,0.217,7.96,372.31,0
699,18483.82,96.46,4,0.51,84.22,3,2.31,3.42,4.0,82.73,8,2173.7,0.247,1.01,274.45,1
1000,19577.06,98.04,0,2.8,62.75,5,0.48,7.81,8.84,93.72,9,3120.13,0.428,5.51,155.14,1
121,15572.57,97.55,4,1.87,77.72,10,0.53,9.49,8.2,88.62,5,1769.06,0.381,2.66,494.67,0
699,12244.08,99.19,3,1.31,72.47,0,0.99,6.81,9.12,98.69,10,2109.74,0.2,6.82,388.15,1
223,11846.06,84.57,5,3.26,85.67,9,1.41,3.57,5.34,99.3,9,1260.01,0.385,7.12,343.45,1
685,10795.12,98.64,0,1.53,84.58,18,2.48,7.44,4.49,95.35,5,3570.43,0.252,5.51,292.57,0
661,10423.99,91.42,3,3.16,60.42,13,3.74,4.74,3.86,84.85,9,3627.68,0.323,5.88,384.57,1
181,10872.6,88.45,3,2.21,84.31,10,0.93,2.39,0.46,94.32,10,4354.01,0.248,3.84,150.71,1
713,6346.3,91.21,3,1.34,89.39,12,4.96,4.42,9.1,80.41,1,4486.21,0.309,3.82,230.45,1
908,6161.54,86.85,0,1.12,90.75,23,0.81,9.24,4.96,96.53,10,1640.24,0.392,7.71,149.88,0
877,16698.05,85.77,2,1.57,62.36,13,3.0,5.29,4.55,89.87,0,3972.16,0.392,2.19,150.41,1
126,11691.09,84.83,1,0.63,72.15,13,4.64,8.92,5.15,98.73,5,1538.83,0.401,7.94,108.54,1
321,18960.27,81.65,3,1.89,76.85,23,4.16,6.07,7.94,87.56,10,2494.86,0.256,6.9,402.36,1
316,14183.32,89.93,1,4.56,67.19,3,3.24,6.14,2.24,85.26,7,3062.15,0.376,8.96,190.92,1
508,5527.64,97.76,2,4.24,76.83,2,3.58,2.04,7.1,99.9,2,1197.88,0.195,3.34,432.8,1
228,7362.85,92.6,3,2.17,62.85,11,0.67,7.1,7.11,90.61,7,1627.05,0.291,5.56,461.77,1
869,8087.3,90.42,0,3.09,64.53,7,0.05,2.86,8.5,97.26,2,2084.46,0.333,1.35,167.43,1
799,19636.04,88.57,4,3.05,86.75,5,2.17,5.83,0.09,98.22,2,1510.17,0.375,9.21,383.55,1
828,8280.56,89.29,4,4.23,70.5,2,0.45,4.08,1.7,90.37,10,4736.39,0.465,7.08,284.12,1
278,12736.34,84.19,0,1.56,88.46,21,1.79,5.14,4.71,89.11,0,2153.28,0.222,6.61,467.58,0
113,19042.65,96.46,0,1.83,61.92,15,1.12,6.3,8.51,91.06,10,3004.69,0.438,7.59,293.77,1
920,19657.89,83.97,5,1.86,82.51,17,4.58,2.12,9.65,96.95,4,4986.14,0.224,3.56,251.55,1
360,8545.41,94.33,1,0.68,75.66,2,4.4,4.28,5.95,99.29,0,3266.57,0.321,6.43,217.83,0
691,5736.76,95.2,5,1.92,91.88,8,4.09,9.92,2.12,86.57,8,2645.98,0.431,8.21,461.45,1
919,7304.03,91.5,2,4.45,91.36,15,3.57,2.46,1.85,94.77,0,4719.17,0.389,1.81,190.47,0
132,5949.93,97.26,2,4.6,75.02,13,0.77,4.56,6.39,85.71,3,1889.99,0.445,9.63,431.09,1
104,7926.86,85.82,1,0.99,84.91,17,0.24,4.57,2.1,92.22,2,1718.0,0.426,9.03,177.67,0
104,13528.55,97.63,3,2.56,69.1,16,3.27,5.04,5.53,96.1,8,3141.46,0.211,9.67,357.36,1
240,18686.73,94.59,0,2.22,83.22,10,3.21,7.48,8.35,97.73,4,2709.21,0.497,8.28,280.43,0
146,13058.28,95.97,2,2.7,63.25,19,1.85,3.98,3.9,88.97,7,4187.94,0.475,3.65,141.84,1
838,14389.84,93.29,2,3.0,77.38,6,2.36,5.68,3.78,87.4,0,1168.04,0.272,6.23,150.37,1
645,8028.01,96.93,0,0.59,67.31,2,2.45,7.16,0.36,85.07,7,3470.9,0.119,2.08,212.6,1
983,17008.75,99.86,2,4.29,95.34,22,1.2,4.58,2.54,82.67,7,3842.72,0.221,7.79,406.66,1
822,14266.83,88.4,3,4.88,77.8,0,1.57,9.59,6.98,87.3,3,4887.67,0.434,2.38,391.58,1
967,17962.05,96.28,4,3.44,83.63,7,2.09,9.84,3.6,97.44,9,1583.05,0.48,8.8,182.05,1
314,19232.65,94.89,0,3.47,74.42,2,3.02,2.96,1.58,88.38,5,1984.97,0.433,3.17,290.48,1
359,10218.51,89.06,5,2.88,71.55,5,4.78,4.75,1.06,86.35,7,4729.77,0.259,2.44,138.79,1
865,6358.69,98.54,5,2.0,68.12,9,2.69,3.66,0.95,94.78,1,3522.52,0.123,1.64,386.38,1
320,8388.93,87.89,4,1.17,96.47,3,3.66,3.49,6.59,84.31,10,1152.2,0.307,7.4,417.32,1
151,11567.62,91.31,5,3.13,91.98,11,4.04,5.93,6.13,85.13,2,1309.38,0.251,2.68,457.4,1
702,19185.4,82.12,2,0.7,65.33,23,0.57,6.51,5.19,98.72,6,4141.76,0.149,2.78,454.3,1
821,10674.65,84.52,4,4.21,89.87,3,3.27,5.41,5.0,81.63,0,3269.9,0.142,2.53,235.16,1
972,16561.6,96.81,4,2.39,76.74,23,2.41,4.18,1.53,88.29,0,3261.66,0.161,3.75,201.81,1
935,13107.15,87.93,3,2.37,60.62,10,2.86,4.23,5.01,91.54,1,4519.46,0.182,9.47,458.64,1
208,7742.13,87.88,1,1.97,81.13,14,0.19,9.94,0.6,84.61,10,1964.39,0.402,5.38,158.4,0
795,9811.01,84.92,3,4.86,65.2,11,4.53,9.39,9.26,85.62,2,1641.72,0.253,3.35,123.74,1
862,14797.88,89.83,5,1.29,68.4,7,4.76,2.61,0.58,84.44,9,3455.22,0.275,2.53,225.7,1
729,15092.8,96.12,5,1.18,87.84,2,0.02,7.25,4.24,86.9,6,4529.69,0.339,1.17,404.12,0
838,11521.4,97.9,2,1.24,70.29,14,1.06,5.66,0.01,97.97,0,2061.0,0.484,4.28,377.68,0
855,8429.68,81.4,1,3.46,95.68,22,0.9,7.51,7.86,88.63,4,3725.18,0.403,1.99,494.82,1
502,15828.6,91.5,4,4.96,86.29,13,3.91,6.78,1.66,88.36,5,1609.52,0.358,1.24,243.81,1
136,7533.1,89.35,0,1.56,93.29,14,2.99,9.11,9.25,87.73,2,1687.63,0.398,1.93,210.34,0
511,19050.05,92.29,0,4.58,84.61,16,0.89,2.54,0.44,99.28,6,4606.04,0.388,3.87,251.28,0
281,7818.55,88.95,3,1.75,94.75,9,4.07,4.8,8.21,82.35,9,1471.86,0.376,7.76,412.9,1
202,6609.69,87.97,5,3.42,74.47,3,1.77,9.88,6.57,97.44,9,1097.38,0.299,1.6,185.72,1
212,12464.72,89.44,1,0.68,81.97,12,2.3,3.46,2.5,86.54,5,4099.76,0.327,7.11,479.1,1
728,12793.24,91.64,2,2.73,80.64,21,1.94,3.02,2.02,99.13,9,2450.04,0.285,6.58,305.02,0
554,12622.89,90.02,1,3.45,96.15,7,2.61,7.83,3.58,86.3,10,2586.63,0.258,8.94,413.26,1
586,11550.01,89.44,2,2.91,66.6,21,2.4,8.22,8.28,81.66,0,4199.43,0.208,2.66,430.9,1
771,19922.22,96.36,0,1.57,83.12,21,1.37,7.38,8.62,90.4,6,1719.74,0.242,8.15,291.53,0
593,12294.21,94.91,3,4.23,90.18,6,2.12,8.21,1.75,84.56,8,3601.31,0.271,8.78,396.55,1
667,12169.2,86.83,3,4.87,74.8,14,4.54,7.55,3.53,95.06,0,2254.11,0.332,9.79,245.88,1
177,11326.49,96.01,1,2.57,94.7,18,2.51,3.09,2.37,93.15,6,1417.07,0.3,8.28,424.37,0
866,6002.39,97.07,1,3.36,74.92,12,4.58,6.87,1.23,93.73,10,3749.98,0.143,2.11,429.56,1
504,13894.35,83.07,4,4.06,66.93,17,2.75,8.22,6.46,83.87,2,2274.66,0.236,9.52,326.48,1
239,8419.52,91.65,1,1.59,83.36,22,3.84,8.92,3.46,94.17,9,4466.42,0.25,8.33,187.26,0
832,14564.13,85.71,0,4.39,76.82,15,1.47,3.97,2.25,86.23,10,4676.14,0.383,2.91,488.09,1
761,5762.5,94.78,0,1.76,60.61,20,3.95,3.02,8.66,99.97,6,4396.21,0.233,2.49,478.79,1
147,19720.81,84.78,5,3.99,62.79,20,1.32,8.25,7.48,94.64,6,2289.41,0.103,9.43,347.93,1
273,12035.08,93.43,2,1.0,67.81,20,0.1,4.05,7.74,91.81,5,1946.33,0.134,2.4,493.55,0
114,18451.33,85.1,0,1.8,90.77,21,0.8,2.26,0.39,97.34,4,4571.2,0.299,7.99,301.12,0
343,12133.42,90.22,5,2.9,95.68,5,0.11,8.6,9.15,91.79,4,2811.79,0.175,4.65,250.19,1
190,5904.96,98.97,0,2.86,81.83,0,4.74,6.05,5.75,91.05,5,3830.96,0.298,7.51,284.2,0
739,17333.2,87.63,2,4.33,64.22,3,5.0,4.61,5.04,84.75,5,4308.66,0.33,1.83,118.36,1
570,14722.76,97.51,0,4.98,81.38,6,3.81,2.09,0.11,93.56,9,2110.75,0.473,7.53,319.65,1
983,16726.36,99.74,4,0.98,94.22,17,0.54,2.28,8.98,87.49,8,1476.39,0.362,5.61,366.49,1
775,11422.55,97.5,4,1.72,89.98,12,4.49,8.34,5.44,80.86,3,3499.31,0.112,9.1,143.81,1
651,14569.05,83.32,4,2.11,71.64,11,3.72,5.92,8.25,96.32,5,3360.77,0.252,2.7,202.24,1
558,17843.44,96.39,1,2.66,64.96,0,1.66,3.2,6.56,81.04,2,2080.8,0.417,1.98,388.47,1
149,14465.98,80.64,1,2.72,96.03,17,2.51,4.87,7.97,93.45,1,3338.83,0.204,2.77,417.44,1
163,10215.1,87.87,5,4.35,94.16,9,3.31,3.32,6.93,83.13,4,4161.43,0.47,1.71,494.35,1
655,14937.94,97.41,4,3.97,62.15,19,0.12,2.9,9.21,88.65,0,2400.04,0.312,9.82,201.29,1
103,15077.81,93.78,0,0.58,92.95,2,2.51,4.21,2.25,97.18,9,1969.27,0.137,2.11,436.58,0
138,19408.8,90.65,4,2.55,63.89,7,3.66,6.4,2.02,81.89,1,3900.0,0.197,2.81,168.84,1
297,10563.68,87.76,4,3.28,62.53,1,0.94,3.68,7.13,93.34,3,4143.49,0.463,8.29,152.35,1
896,11376.23,96.25,3,2.57,90.34,7,2.22,4.75,5.01,92.25,2,4817.16,0.497,3.22,391.68,1
513,17181.84,94.19,3,1.09,81.45,23,2.66,5.82,5.99,97.35,2,1590.34,0.445,3.0,278.35,0
739,12586.43,89.37,0,2.29,76.58,12,3.68,5.36,7.09,83.45,4,4557.06,0.228,7.05,417.57,1
470,16048.6,97.85,0,2.35,96.15,10,4.82,3.03,5.47,96.0,7,4060.4,0.408,4.59,213.03,0
255,11895.64,84.6,0,1.34,93.57,6,4.24,2.31,7.88,89.0,9,3807.6,0.189,8.52,185.28,1
434,8232.43,83.41,0,3.9,62.3,6,3.11,2.28,3.19,88.57,2,2252.21,0.254,6.74,319.52,1
182,16178.06,92.86,5,1.95,84.64,16,2.92,4.8,8.59,87.24,2,1088.77,0.379,3.59,146.12,1
793,6967.33,99.44,3,3.15,90.89,24,3.02,7.75,1.08,87.71,5,3030.2,0.488,6.38,211.5,0
265,7978.75,84.95,4,2.82,82.02,18,2.73,3.05,6.34,90.4,3,2143.08,0.276,8.8,166.49,1
439,14402.37,84.99,1,4.45,99.32,18,0.3,8.3,8.9,82.14,8,2159.28,0.298,4.28,228.02,1
983,16209.05,82.79,5,1.05,87.44,11,3.49,7.73,2.53,88.5,2,4708.55,0.188,7.63,406.2,1
633,18420.32,97.21,1,1.01,64.17,2,3.58,2.03,3.27,93.04,4,1611.88,0.261,4.74,148.3,1
513,9088.8,84.53,5,1.85,67.93,18,2.56,2.21,3.05,89.96,6,4736.93,0.125,5.89,344.75,1
589,6660.86,90.06,0,2.44,93.05,20,4.35,3.56,5.64,83.32,4,3015.23,0.443,7.6,333.91,0
806,19340.7,99.82,0,1.84,99.87,12,3.36,2.45,4.13,87.26,6,4353.12,0.109,1.54,315.25,0
329,7316.35,80.24,0,3.93,63.93,2,1.81,6.25,1.08,88.86,8,2134.35,0.373,5.09,293.7,1
673,7965.0,91.13,4,1.6,64.01,17,0.1,2.32,8.91,93.38,5,3535.68,0.209,1.86,365.54,1
886,9369.94,90.25,1,0.88,90.54,23,0.3,8.42,2.05,98.02,5,3226.35,0.29,7.53,440.72,0
615,12940.87,96.15,2,2.36,62.57,5,1.76,5.94,5.34,91.01,10,4696.66,0.213,6.47,164.81,1
502,18242.38,87.11,2,3.98,62.74,3,2.31,7.82,5.95,93.53,10,1717.19,0.26,3.94,425.65,1
230,16408.19,88.21,4,4.33,95.55,18,0.83,8.01,0.41,81.54,10,1818.28,0.319,1.69,124.59,0
323,15622.36,83.36,2,3.8,92.02,8,0.95,6.05,0.96,99.09,0,4795.86,0.356,9.33,292.85,0
952,7627.71,94.82,0,3.01,95.26,17,1.15,9.4,9.72,86.3,9,1391.86,0.476,3.84,304.59,0
587,10365.24,95.69,2,3.76,86.02,17,3.9,9.92,6.65,87.09,9,3538.73,0.233,3.48,179.03,1
371,12176.07,82.73,1,3.57,72.9,6,3.86,4.87,0.34,84.46,8,1242.26,0.334,1.91,135.87,1
476,7211.39,87.87,4,1.55,96.25,1,1.91,3.01,7.94,81.69,8,1307.96,0.461,6.2,129.96,1
620,9101.45,97.86,4,2.98,71.95,13,0.86,4.91,5.09,95.8,4,3388.59,0.216,3.39,114.89,0
584,9625.0,80.05,0,3.97,71.02,10,0.55,3.79,0.75,84.81,7,3205.47,0.446,8.59,329.44,1
730,6909.14,85.98,4,1.93,95.46,21,0.44,6.25,6.81,85.65,6,3292.1,0.483,7.14,162.19,0
332,13253.6,91.1,0,3.44,87.23,8,1.96,5.03,4.99,83.64,9,2894.61,0.439,1.04,423.48,1
684,15575.42,86.68,3,2.67,95.83,6,0.23,5.84,2.05,99.5,3,3969.44,0.328,6.09,459.58,0
498,6048.97,85.44,2,2.76,66.24,21,1.67,8.11,8.78,95.62,8,4968.75,0.389,3.09,216.96,1
947,12216.85,89.2,1,0.91,98.09,18,4.81,4.19,2.91,98.6,8,2103.12,0.292,1.14,165.79,0
242,16733.17,83.63,2,3.5,84.51,15,2.54,6.3,2.85,97.23,9,2293.76,0.339,6.57,263.84,1
233,16219.85,90.59,1,4.4,86.72,23,4.11,4.68,2.73,98.13,1,2292.2,0.49,2.84,452.63,1
515,17226.1,94.13,4,1.14,96.56,19,0.65,8.28,7.67,89.58,9,4053.08,0.2,9.1,259.93,1
558,11723.61,91.51,5,2.15,75.23,21,1.34,7.12,7.06,83.41,2,2392.06,0.417,6.16,143.33,1
722,17308.36,81.86,4,0.72,88.78,19,4.73,2.07,9.03,86.54,10,3706.95,0.302,2.88,493.87,1
464,8611.3,96.89,2,0.63,85.61,10,1.92,7.28,2.29,85.85,0,2783.55,0.171,9.81,299.87,0
923,10412.16,83.5,3,4.95,91.51,1,3.24,3.36,7.86,94.34,2,3431.22,0.357,5.92,236.95,1
527,7645.33,95.3,2,2.72,95.88,15,4.88,7.8,5.73,80.51,6,4316.06,0.417,2.49,457.45,1
216,12012.27,87.21,4,2.1,87.2,19,2.75,6.54,3.09,82.84,5,3056.23,0.328,5.66,470.96,1
207,10880.9,95.66,3,1.74,62.71,24,1.53,5.21,0.35,93.66,7,2900.69,0.435,9.63,298.72,0
977,8613.91,84.13,2,4.91,67.33,17,2.66,7.55,8.19,82.47,4,2067.9,0.246,4.82,222.69,1
220,16276.71,83.73,2,1.64,98.16,14,0.27,8.85,2.41,80.97,0,3063.62,0.466,4.83,293.05,0
954,9707.7,89.94,2,3.77,98.75,14,0.56,8.23,6.32,82.18,6,2049.65,0.359,5.15,187.71,0
350,9092.06,80.66,3,1.78,98.7,2,0.04,6.36,5.49,93.81,5,4374.28,0.421,3.52,291.3,0
184,6963.35,84.51,4,0.82,61.47,0,4.42,7.78,0.04,82.79,5,2555.46,0.209,2.46,191.77,1
374,11582.33,94.48,2,3.57,75.3,1,3.36,5.31,9.94,82.93,4,1516.43,0.278,6.21,348.88,1
653,9544.47,96.75,4,0.51,90.39,22,1.49,8.31,8.14,84.61,9,1959.87,0.464,9.05,403.96,0
485,10539.09,81.62,4,3.54,90.12,19,1.11,8.63,4.86,95.02,8,3138.33,0.12,7.62,487.77,1
807,8539.96,97.64,2,1.63,63.44,6,3.42,3.1,6.8,84.01,1,4665.15,0.262,1.87,437.03,1
650,16447.33,95.95,5,3.86,84.38,10,4.6,3.9,4.77,80.71,0,2202.25,0.412,4.61,134.45,1
461,18950.05,97.39,1,3.96,65.71,12,1.5,4.16,7.45,98.12,1,2057.54,0.398,1.05,184.61,1
671,12468.98,93.97,5,3.76,79.73,6,1.61,3.33,1.34,97.53,0,2626.24,0.441,3.77,312.68,1
975,14644.98,93.48,1,0.61,69.59,10,4.27,5.14,4.46,83.7,7,4871.02,0.396,7.02,203.04,1
471,18007.58,90.5,3,3.67,62.13,8,4.47,3.54,3.36,85.31,6,4380.88,0.479,3.61,105.75,1
238,19982.44,93.06,1,4.96,63.2,17,4.57,6.76,4.6,83.77,5,1598.67,0.299,8.57,401.92,1
468,14202.75,98.38,2,1.59,96.44,18,1.47,2.81,4.5,94.39,6,3455.01,0.35,5.3,243.11,0
856,18346.69,82.01,2,1.73,89.79,2,0.6,4.16,1.43,85.0,8,4167.46,0.439,7.02,126.44,1
296,18629.12,86.32,4,4.16,97.27,11,2.2,7.32,9.76,98.63,9,4072.04,0.381,8.95,303.53,1
955,16871.77,81.45,0,1.22,78.8,24,1.48,5.19,0.15,96.55,4,2955.38,0.141,7.15,490.88,1
630,11913.97,98.9,5,3.47,76.53,21,4.42,5.37,0.1,91.77,6,3927.33,0.247,9.08,371.42,1
642,6217.31,88.91,5,3.9,74.34,19,0.18,8.38,3.73,80.18,6,3334.35,0.321,8.27,163.51,1
385,5237.08,93.51,3,0.67,84.65,18,3.17,9.88,6.2,97.67,10,1805.78,0.402,6.1,305.72,0
929,12158.01,96.82,3,2.99,74.06,0,4.53,6.52,1.8,94.56,8,1224.21,0.317,3.68,460.69,1
132,12414.72,99.82,4,3.09,89.85,24,4.88,2.63,5.33,95.76,3,2478.0,0.411,3.68,121.7,0
369,11110.44,83.24,1,1.87,92.05,18,3.25,2.82,7.23,81.44,9,1247.76,0.435,8.88,355.16,1
476,13522.51,95.99,4,4.44,95.03,22,4.75,9.75,0.94,94.17,4,2580.05,0.206,1.48,388.51,1
530,13282.44,97.75,1,1.23,69.71,22,0.38,7.43,9.84,96.09,8,4315.52,0.346,9.47,381.6,0
527,17549.2,80.98,4,2.14,81.08,6,1.8,8.02,3.37,99.13,10,4377.18,0.323,3.94,160.07,1
233,6629.86,95.08,1,4.32,68.94,0,0.04,7.41,6.42,91.61,8,1136.3,0.191,7.65,462.91,1
303,8377.66,87.09,4,1.36,61.5,16,4.91,3.44,1.11,90.16,1,1278.14,0.296,3.97,228.91,1
185,16895.07,92.97,4,4.2,88.31,11,4.51,5.59,7.09,88.51,2,3679.47,0.319,9.58,120.7,1
615,17717.55,90.28,1,0.86,81.96,0,0.14,8.38,8.4,94.03,8,2999.99,0.427,1.33,133.29,0
416,19922.36,85.19,3,2.7,88.96,6,0.09,8.93,1.05,98.42,1,1597.43,0.284,4.18,283.03,0
609,18093.68,82.7,2,0.84,63.5,24,1.83,3.9,1.26,92.0,0,4222.12,0.132,8.81,115.99,1
631,18348.49,82.34,1,3.55,99.82,9,1.29,6.77,2.81,84.55,2,1865.98,0.295,3.47,411.82,1
732,9715.22,82.07,3,4.06,99.77,6,4.23,3.26,0.12,80.35,5,1312.6,0.435,3.48,446.33,1
592,11024.92,92.76,5,4.32,78.6,16,0.8,9.67,9.86,92.38,1,3998.03,0.329,9.09,105.35,1
683,9021.28,87.03,0,4.92,94.64,16,3.95,4.02,5.98,97.29,1,3432.5,0.228,8.48,424.01,1
629,14094.49,84.33,5,3.52,69.74,8,2.77,7.81,6.08,81.32,3,2577.77,0.468,1.95,492.48,1
687,19082.08,93.84,5,3.96,89.5,21,1.89,3.85,9.59,87.95,6,3770.9,0.162,6.22,112.15,1
655,10169.61,93.74,3,2.78,95.17,14,0.73,6.93,8.32,98.8,5,4645.52,0.231,3.01,389.99,0
384,13355.03,90.78,3,4.61,92.59,4,4.99,7.27,8.14,90.03,8,1136.73,0.275,2.94,499.64,1
321,9444.49,98.7,2,3.4,92.47,8,3.09,4.63,3.4,84.41,10,3510.72,0.395,6.54,418.85,0
809,7547.0,87.71,0,4.48,78.52,21,2.2,8.55,3.35,87.07,0,1872.67,0.434,2.11,302.14,0
408,7927.78,96.72,3,1.56,92.8,2,1.86,9.08,2.92,88.16,7,2896.55,0.123,5.23,453.93,0
594,5869.18,81.5,4,2.74,87.63,0,4.53,8.84,3.47,82.35,1,2695.92,0.417,3.3,383.17,1
277,19239.4,94.8,1,3.78,65.3,16,4.11,4.65,3.7,93.22,3,2559.92,0.388,8.69,216.98,1
488,11043.19,99.77,4,1.41,64.57,11,4.06,7.95,1.4,91.84,3,1761.42,0.458,5.99,189.73,0
577,17511.81,96.93,4,1.45,90.88,6,3.08,6.48,3.56,92.95,7,4210.6,0.46,2.94,305.02,1
664,15219.94,91.59,4,4.9,85.02,11,4.44,6.74,4.47,92.22,2,2518.08,0.411,9.34,249.2,1
574,7878.82,92.54,2,2.46,80.78,4,1.5,5.82,3.09,80.33,9,4548.79,0.176,8.41,231.79,1
424,7631.93,87.07,2,1.32,96.29,9,3.52,6.8,1.65,83.49,4,2418.67,0.226,3.39,171.17,0
966,17179.82,93.59,2,1.99,86.38,5,2.02,3.09,3.73,83.31,8,4358.85,0.475,9.65,438.11,1
561,8970.68,95.41,5,2.29,75.85,14,3.0,5.27,4.81,81.96,10,3177.87,0.339,3.41,382.01,1
828,18699.28,99.96,5,3.3,76.56,16,4.99,3.42,7.21,94.71,5,2542.5,0.316,3.63,232.53,1
763,7100.83,89.85,2,4.65,84.21,22,4.92,4.24,7.11,82.4,1,3816.13,0.466,4.47,195.07,1
603,15165.63,81.23,5,4.94,90.41,1,2.56,3.02,2.03,93.36,7,4146.62,0.45,2.48,151.26,1
898,17217.11,91.92,3,3.43,82.57,8,2.87,3.7,0.37,83.57,4,2930.76,0.391,7.18,145.01,1
215,8528.85,82.38,2,3.65,80.35,6,4.49,8.26,3.04,82.37,3,2701.68,0.453,6.02,350.19,1
929,9143.11,84.9,0,1.95,89.08,14,4.93,6.4,1.57,83.25,5,3309.68,0.146,9.05,143.53,1
866,19467.78,86.58,3,4.36,88.21,13,3.89,2.19,3.96,90.17,3,3340.65,0.403,3.17,484.09,1
553,8968.96,94.62,3,1.48,93.21,21,0.33,8.31,9.79,92.91,3,2701.92,0.486,2.53,211.65,0
760,11449.36,83.68,5,0.98,62.5,22,1.61,9.28,1.81,96.24,10,4030.65,0.12,4.23,110.32,1
568,11487.73,83.32,4,4.88,90.2,19,4.48,9.04,3.19,82.57,3,2598.89,0.189,2.31,442.13,1
342,8795.52,80.9,0,4.39,80.55,4,3.84,8.58,7.25,92.32,5,2811.99,0.418,9.52,247.03,1
820,16636.87,97.46,3,1.87,62.99,1,3.71,9.94,5.09,95.48,7,3421.27,0.308,7.46,237.19,1
321,16577.74,93.87,4,3.54,87.16,22,3.34,6.69,0.44,86.25,2,4947.4,0.135,8.17,147.45,1
383,10674.77,80.8,2,2.6,88.66,23,2.08,9.7,1.62,81.59,6,2042.74,0.207,7.73,364.17,1
567,17526.89,80.57,2,1.95,80.95,6,2.02,9.59,9.35,83.12,9,1927.81,0.23,3.19,243.52,1
854,8196.12,91.17,4,1.79,91.75,1,4.04,4.51,1.03,81.83,8,1707.55,0.228,2.27,429.2,1
445,5064.59,85.65,3,1.11,72.01,17,1.47,8.91,6.35,97.74,0,3757.78,0.451,4.86,352.25,0
545,13567.51,91.93,4,2.97,68.08,14,3.42,8.34,7.92,87.53,4,2796.38,0.365,8.46,451.96,1
137,19911.17,88.69,2,2.51,74.03,22,3.63,8.21,2.65,90.47,0,2554.43,0.394,3.97,349.02,0
204,5579.66,98.47,1,2.8,76.4,14,4.22,9.17,7.25,95.37,6,1816.36,0.105,1.09,411.71,0
150,8119.97,85.76,3,1.47,87.84,19,1.6,5.07,1.7,87.43,3,4564.55,0.271,6.94,378.62,0
164,12783.72,93.58,5,4.72,93.82,19,3.71,5.2,2.85,92.98,9,2772.69,0.227,2.8,285.04,1
882,17149.11,81.08,3,3.37,88.84,0,0.53,7.12,3.12,81.53,1,3430.77,0.441,5.89,375.47,1
858,6335.63,99.12,4,4.55,66.96,3,0.69,7.9,9.96,89.62,9,1450.12,0.482,1.13,365.45,1
840,10928.52,99.62,0,0.99,74.65,19,2.09,9.04,2.15,81.93,3,1431.89,0.269,5.58,102.68,0
150,16206.14,94.78,5,3.3,66.34,4,0.28,9.01,1.29,84.97,10,1269.42,0.489,4.54,379.46,1
169,10573.15,89.3,1,4.32,87.47,5,4.74,7.77,9.26,85.87,2,2469.38,0.106,8.92,204.86,1
352,7832.55,84.4,5,1.99,69.93,18,4.51,9.66,1.62,94.35,2,2891.55,0.23,7.5,316.73,1
609,7932.44,96.25,2,1.38,81.02,5,0.24,3.43,8.79,93.48,3,1978.31,0.41,1.32,144.53,0
401,11150.73,94.73,5,1.69,91.67,3,4.19,9.6,6.5,94.94,10,2398.71,0.244,8.11,109.21,1
539,12191.26,84.44,5,1.73,86.84,0,2.54,2.51,5.77,81.24,8,1025.04,0.468,8.12,106.05,1
255,17927.22,89.02,4,2.51,71.93,11,3.51,6.44,7.51,99.88,8,2404.35,0.187,6.97,163.28,1
758,14633.79,89.26,5,1.97,73.31,15,4.43,2.72,7.26,81.09,6,1476.69,0.418,9.36,107.96,1
382,15356.03,96.53,3,1.72,86.13,18,2.88,6.54,1.11,96.51,8,1513.54,0.181,8.23,152.96,0
159,19744.81,93.68,5,3.42,81.98,22,0.58,5.12,9.99,94.81,6,1018.02,0.179,2.97,323.67,1
769,11177.65,92.86,1,0.74,63.86,16,0.01,2.65,9.42,91.84,7,3785.52,0.278,4.43,260.11,1
913,11050.32,93.0,0,2.03,94.96,18,2.48,7.18,8.97,88.78,9,4725.14,0.478,4.15,492.3,1
113,18850.2,85.41,3,3.6,80.5,5,4.75,7.85,6.22,95.14,10,3486.18,0.334,5.54,423.48,1
493,8688.13,87.43,4,1.29,78.93,8,2.86,3.39,5.23,94.8,6,1384.81,0.354,9.58,158.71,1
845,15947.23,80.91,4,1.49,67.94,7,1.86,7.56,5.36,82.74,4,4958.6,0.104,6.54,266.72,1
736,16318.6,95.74,3,1.4,75.08,1,0.15,3.43,0.15,95.85,7,4902.34,0.123,3.82,272.39,0
871,6466.82,88.66,3,0.5,73.31,24,4.57,3.1,4.99,81.57,8,2872.94,0.127,9.47,244.85,1
474,12023.47,88.76,3,2.63,70.83,6,1.64,3.18,6.24,90.01,10,1431.48,0.428,7.3,298.24,1
435,8008.44,84.91,5,0.68,82.7,11,3.52,6.79,6.59,92.9,7,3882.96,0.195,3.39,367.95,1
738,7780.63,84.19,5,1.73,78.49,8,3.47,8.23,3.32,96.43,10,4845.87,0.232,9.16,356.36,1
238,11957.42,91.76,0,4.98,95.57,1,1.27,6.78,4.71,89.26,8,4114.8,0.344,4.1,242.84,0
315,9341.45,84.65,3,4.63,97.65,22,0.32,8.47,6.36,84.74,10,3496.81,0.334,5.65,382.02,1
641,16940.91,81.28,2,1.47,68.78,5,1.93,6.73,4.28,89.81,8,3443.33,0.264,5.31,215.79,1
702,18614.07,95.35,4,1.9,64.0,2,1.59,8.38,9.62,85.0,9,4911.67,0.102,9.31,434.19,1
207,17040.81,87.53,3,2.59,91.41,8,3.5,9.81,7.05,90.57,2,1292.48,0.28,3.39,485.75,1
557,8990.46,87.6,5,4.3,99.79,3,4.1,5.13,0.01,89.25,10,1598.22,0.396,4.0,217.89,1
428,9112.02,88.63,2,4.11,94.54,24,1.11,3.2,0.23,95.61,3,4323.25,0.194,6.94,413.88,0
552,8820.93,96.3,4,1.07,60.95,4,2.64,3.08,6.9,84.8,8,1580.45,0.383,8.98,425.37,1
963,7025.57,86.42,0,1.06,70.05,7,0.2,6.78,4.13,84.0,4,2533.19,0.106,2.03,296.31,0
169,19156.98,95.16,5,2.38,61.73,6,1.07,6.38,8.39,89.48,5,2126.0,0.463,2.89,135.1,1
996,11030.72,98.79,0,4.42,92.83,0,3.81,3.47,1.73,81.01,8,1973.78,0.48,9.53,414.47,1
505,8370.34,93.22,2,4.47,83.26,0,3.97,9.06,0.14,84.59,5,1102.89,0.101,8.0,262.99,1
795,17700.07,88.63,5,0.98,80.55,12,3.88,9.65,3.88,87.07,7,3265.01,0.283,4.11,183.23,1
482,10987.93,94.96,5,3.08,82.18,5,0.71,4.03,7.36,89.75,0,2604.96,0.266,4.22,350.66,1
380,5526.75,89.16,2,1.2,70.1,2,2.76,3.66,9.72,85.39,9,3206.36,0.437,5.23,274.78,1
794,7429.12,88.29,2,3.59,84.07,7,2.11,3.71,8.84,91.21,4,2218.03,0.316,7.06,135.03,1
719,14588.76,90.51,0,4.62,61.23,6,4.96,5.1,4.84,97.57,8,4765.84,0.345,6.05,493.47,1
229,16743.58,86.35,5,2.55,85.84,10,3.27,8.83,8.13,90.87,3,3365.39,0.181,7.99,197.86,1
735,8164.02,82.09,0,0.87,89.38,24,4.68,6.77,0.7,85.74,6,4844.83,0.131,1.49,304.39,1
778,18760.93,88.3,0,3.11,86.92,7,0.73,2.54,5.72,81.24,6,2400.02,0.377,8.37,366.92,1
449,17764.96,82.48,2,2.34,73.28,17,2.25,5.78,9.24,82.73,1,1009.16,0.348,1.52,146.04,1
934,17725.71,88.21,0,4.15,93.05,19,3.86,2.72,3.96,91.22,5,4125.06,0.433,8.93,395.76,1
677,8414.92,91.14,0,2.03,88.62,1,1.84,5.25,9.6,93.67,6,4309.52,0.438,1.39,359.32,1
400,5758.04,98.61,3,4.44,65.13,12,3.16,5.23,2.21,80.99,9,1234.81,0.352,2.15,297.5,1
109,18011.35,80.72,4,1.73,67.81,11,2.56,7.19,1.06,83.71,9,3501.48,0.315,2.62,311.33,1
708,9587.0,92.43,1,1.21,85.48,12,4.96,6.4,5.25,86.38,4,3644.07,0.466,3.01,481.92,1
288,14283.75,89.15,4,1.88,71.58,4,0.87,9.0,9.07,86.4,7,1582.94,0.421,4.62,464.36,1
781,16399.5,80.41,3,0.66,64.78,11,4.68,2.13,3.11,99.17,1,3210.1,0.453,6.9,144.79,1
573,6924.4,84.99,1,1.77,66.2,3,2.01,8.19,8.0,84.08,9,1972.8,0.498,9.03,247.5,1
520,16712.58,82.37,4,3.47,66.62,23,2.34,2.18,1.69,81.25,9,1065.81,0.261,5.72,306.71,1
247,19077.67,84.34,3,1.14,79.11,14,2.64,4.43,7.46,87.06,10,4467.64,0.387,5.79,467.99,1
741,15925.62,85.49,4,1.0,84.3,0,1.33,9.04,5.57,82.69,5,2966.78,0.375,3.87,426.63,1
249,11618.34,88.03,0,1.1,67.06,12,4.82,7.52,1.75,82.53,3,4126.8,0.17,8.21,254.59,1
476,18150.17,90.58,1,0.85,88.5,23,4.56,3.38,7.18,88.15,8,3891.57,0.355,1.99,454.48,1
853,12911.86,80.02,1,4.44,71.24,18,4.86,5.93,7.14,86.13,7,4974.82,0.271,3.71,251.26,1
929,16171.56,83.24,2,4.75,72.46,6,4.98,7.78,5.15,81.83,2,2751.81,0.28,1.87,208.48,1
991,17307.59,81.87,5,0.71,68.94,22,3.35,9.5,2.25,92.09,5,2710.2,0.172,2.93,343.96,1
963,16240.29,90.99,4,3.92,91.41,4,2.26,7.07,1.32,90.03,7,2127.02,0.398,6.28,242.36,1
600,9317.82,86.58,3,3.82,98.39,6,4.25,2.2,9.57,81.54,5,3500.59,0.379,2.13,348.96,1
280,6767.66,90.97,3,4.99,79.7,3,0.12,6.0,6.56,97.25,4,2944.45,0.313,1.91,263.87,1
856,8575.08,84.44,5,2.07,61.68,23,4.17,3.22,8.09,85.69,2,3915.04,0.163,8.43,418.31,1
822,12543.12,80.48,2,1.78,70.42,17,2.49,2.38,6.97,99.23,4,2426.05,0.323,2.06,481.72,1
992,12579.15,98.83,1,2.54,66.32,12,3.37,6.79,8.29,98.63,2,1523.38,0.14,6.47,208.12,1
686,13739.67,82.17,0,4.35,93.71,16,1.87,8.22,1.62,88.68,3,4449.74,0.236,4.17,304.0,1
227,10926.53,82.54,1,3.78,63.39,6,1.84,2.29,4.97,84.57,2,4312.19,0.249,9.07,389.77,1
553,16803.37,82.93,3,2.62,98.66,1,0.16,8.27,6.67,96.7,4,2404.0,0.453,7.37,163.41,1
503,18697.31,99.63,2,1.6,83.54,21,2.12,7.65,1.03,87.23,6,3761.41,0.266,1.53,418.36,1
859,8700.88,92.35,2,3.77,80.71,24,2.04,8.02,1.5,83.27,4,2969.61,0.339,9.06,333.19,1
453,16047.85,92.21,2,4.35,93.89,0,1.12,3.96,6.34,91.03,1,4043.89,0.45,4.73,159.9,0
396,15169.58,99.73,5,2.3,61.1,1,1.24,5.15,8.69,89.79,8,2560.53,0.27,3.68,447.29,1
172,12846.36,81.77,5,3.51,91.09,13,2.92,2.96,6.6,97.0,4,3142.56,0.453,7.06,270.68,1
852,7827.95,99.49,0,2.3,64.66,1,1.59,3.91,0.36,94.59,6,1231.26,0.155,7.46,170.65,0
780,16928.48,84.08,0,2.65,93.63,18,4.15,4.42,9.7,97.52,5,1699.64,0.246,3.73,178.16,1
137,19409.39,92.46,1,2.86,81.17,23,0.56,4.56,1.4,94.69,5,4127.06,0.138,4.16,414.2,0
490,15827.54,88.4,5,3.99,62.45,6,2.89,3.4,2.33,92.84,4,2526.26,0.324,2.41,474.29,1
532,18767.9,87.68,2,4.9,93.33,7,0.8,3.51,9.75,90.0,8,1140.42,0.483,6.34,251.3,1
522,19762.78,98.62,5,2.5,61.09,21,2.64,9.21,7.71,99.75,9,1670.55,0.363,9.61,131.53,1
927,10280.76,82.98,3,2.04,65.53,8,2.76,8.27,9.37,99.18,9,2646.39,0.35,4.75,140.33,1
235,14573.35,99.94,3,2.18,91.91,6,3.21,4.76,8.07,96.98,4,3871.65,0.211,9.97,361.79,1
376,12108.99,87.58,1,1.1,78.59,2,2.14,9.58,6.52,95.51,3,2453.94,0.472,2.59,248.3,0
263,19799.43,92.98,2,1.84,95.26,20,2.55,3.91,2.85,91.55,0,3980.74,0.289,8.16,270.45,0
319,6407.12,99.36,0,0.89,85.42,23,0.9,5.25,3.27,85.2,4,4432.24,0.207,9.35,234.82,0
917,11185.62,81.15,3,2.43,84.94,1,2.32,8.51,9.47,97.51,10,2364.55,0.495,7.19,286.22,1
947,18133.09,98.46,1,1.25,71.69,20,1.87,5.54,8.61,80.22,2,4201.5,0.269,1.98,357.42,1
140,9260.77,91.36,1,2.06,65.35,3,3.33,3.88,3.59,84.55,9,1507.52,0.249,3.94,316.46,1
669,16816.89,94.09,0,4.07,98.45,3,2.17,4.95,3.73,88.07,8,2661.13,0.114,1.77,165.7,1
309,10741.75,82.98,4,1.61,64.19,9,3.9,6.01,2.98,91.72,7,1390.25,0.171,6.42,296.52,1
273,19699.68,90.67,5,3.25,81.16,10,2.13,6.97,3.26,91.22,6,1210.11,0.424,9.98,284.25,1
363,18252.95,93.47,2,4.56,70.9,21,1.18,5.24,8.61,83.52,8,1258.11,0.293,4.37,318.29,1
275,9519.81,89.12,3,3.05,70.57,17,1.37,5.45,0.11,82.1,1,1419.01,0.482,2.47,144.27,0
541,16552.9,83.1,5,1.37,83.78,3,0.23,4.11,4.36,84.45,1,4342.9,0.134,3.42,161.41,1
997,10052.85,84.88,3,2.05,91.92,14,2.7,6.28,9.43,86.97,2,3174.71,0.346,6.14,312.1,1
628,14095.44,97.09,3,3.16,91.09,21,4.15,3.76,5.43,80.28,8,4789.55,0.388,6.12,210.17,1
751,14877.21,80.69,2,2.78,94.75,16,3.85,8.94,4.5,93.85,4,3152.0,0.348,3.07,351.61,1
544,17443.93,94.18,3,1.17,71.72,5,2.19,7.98,3.12,84.95,2,3514.85,0.312,7.76,249.1,1
112,5366.76,99.99,3,2.51,78.63,3,0.98,5.28,0.74,87.03,0,1737.94,0.331,1.79,188.29,0
175,8302.37,80.15,4,2.94,60.37,11,4.32,7.98,2.24,86.7,5,3162.32,0.376,6.61,362.56,1
342,15678.77,83.22,3,1.7,89.87,11,0.28,2.06,0.9,90.24,4,2541.21,0.445,4.83,257.56,0
319,13452.85,93.48,3,3.26,72.09,8,2.0,4.76,1.27,97.2,1,4725.74,0.235,2.14,163.04,1
857,12434.08,81.2,0,0.82,82.46,2,4.28,5.52,1.64,82.99,0,4735.68,0.284,6.71,423.52,1
860,5828.15,91.8,5,2.01,66.77,2,1.97,5.76,3.02,86.81,8,1793.99,0.354,7.06,272.7,1
869,10224.14,93.68,5,4.12,92.78,13,0.59,7.99,0.11,93.84,8,3480.52,0.226,4.96,466.03,1
674,17976.5,91.76,1,1.67,92.69,23,1.33,9.7,9.5,80.88,2,3552.7,0.172,8.18,177.36,0
601,5463.39,87.3,1,3.22,95.1,14,3.0,5.04,1.24,96.6,5,3250.14,0.486,5.58,450.54,0
684,10946.54,93.95,5,2.35,61.84,10,0.76,4.8,3.83,99.24,2,1497.32,0.178,3.57,426.36,1
466,19177.22,91.89,1,1.92,99.7,23,3.27,6.88,8.8,92.15,4,3616.06,0.193,9.58,141.57,0
703,5763.21,84.15,4,4.62,69.91,17,2.19,4.25,1.07,99.13,1,4196.34,0.347,9.5,312.67,1
815,16245.59,91.26,4,2.04,72.38,17,1.67,3.13,4.84,88.26,10,2380.9,0.131,1.86,361.47,1
787,8864.19,97.64,5,1.57,69.97,14,1.2,9.69,8.45,88.3,7,3058.21,0.114,9.51,298.19,1
653,17999.13,93.34,0,4.59,70.7,19,4.12,8.48,5.57,82.12,9,1465.31,0.126,7.98,256.11,1
152,16191.02,89.44,2,3.86,82.11,12,1.98,9.67,2.1,80.71,3,4722.75,0.149,1.96,477.54,1
753,18285.58,86.43,3,3.57,69.59,15,3.69,3.74,7.36,84.89,9,1438.15,0.272,5.67,380.33,1
430,8238.87,81.72,5,0.72,75.75,15,2.2,2.14,6.81,89.56,5,1833.51,0.432,1.31,486.35,1
770,12969.39,84.89,1,1.09,86.22,18,0.46,5.5,3.62,90.15,2,2193.91,0.237,6.3,438.49,0
586,16689.05,80.22,1,3.37,93.44,22,2.2,9.47,0.46,84.35,3,4303.16,0.271,9.4,426.85,1
893,8685.5,99.73,1,1.44,87.71,7,2.54,3.11,0.08,92.26,8,3802.62,0.34,4.31,390.25,0
404,8461.19,84.45,4,1.52,83.77,17,2.29,2.94,8.25,83.62,8,1028.06,0.221,5.58,358.43,1
939,5407.73,96.3,5,4.01,65.91,0,4.08,2.55,3.22,86.52,7,1734.25,0.273,3.05,454.74,1
860,19377.73,83.37,0,1.79,92.64,13,4.55,8.12,1.38,83.91,2,4000.6,0.255,5.87,345.36,1
398,15650.25,85.67,1,0.82,61.49,22,3.93,8.29,5.19,93.93,7,2615.34,0.237,8.22,130.12,1
534,14533.41,88.37,1,0.66,70.57,16,2.91,7.56,9.21,90.33,10,1104.85,0.255,2.94,333.03,1
578,16159.92,86.49,5,2.49,62.28,6,2.71,2.43,0.08,94.72,0,4855.67,0.104,5.98,141.13,1
792,12974.19,95.97,2,3.28,86.7,15,3.22,7.79,0.56,81.14,3,1604.93,0.455,4.19,479.72,1
720,12142.01,99.15,1,4.41,74.73,8,1.44,5.59,4.17,88.51,0,3041.87,0.491,7.73,358.67,1
867,11742.98,97.51,1,1.0,86.08,10,4.06,3.26,6.76,99.34,1,1993.26,0.445,7.32,322.26,0
433,14606.59,83.07,3,1.39,73.88,5,4.28,4.36,4.76,81.07,10,3949.88,0.102,7.29,179.13,1
554,8023.02,95.53,2,2.88,78.23,15,1.34,6.01,8.98,88.37,2,4106.9,0.4,4.4,306.31,1
488,18320.88,82.96,0,2.14,78.32,4,4.51,4.64,0.44,80.81,1,2588.88,0.329,6.39,237.01,1
919,17176.29,98.27,4,2.67,61.82,11,4.24,9.76,3.4,82.93,0,3633.8,0.138,6.86,370.15,1
374,10243.45,90.36,2,4.66,77.21,23,2.12,5.8,3.51,89.25,10,4636.29,0.473,7.13,341.76,1
628,13679.14,86.73,1,2.95,85.64,18,4.55,4.98,3.4,83.15,5,4259.24,0.41,6.18,299.72,1
208,7115.41,83.14,4,2.37,81.84,10,0.6,7.39,4.88,90.38,8,2659.59,0.158,8.8,201.1,1
866,19585.19,80.24,4,4.95,63.01,24,0.14,7.2,7.91,98.45,2,2765.9,0.486,3.24,310.3,1
446,18543.39,84.96,0,0.79,86.72,0,1.74,2.02,3.18,84.01,7,4547.51,0.15,1.5,284.68,1
406,18828.46,98.28,0,4.69,72.35,23,2.83,6.95,7.44,82.14,9,1137.49,0.282,9.66,440.51,1
625,9982.45,95.95,0,2.76,60.58,8,1.76,3.95,1.46,96.51,7,1091.25,0.164,1.55,457.73,0
549,7537.02,99.4,4,2.77,66.22,20,4.71,5.0,5.61,89.21,5,1823.18,0.16,9.13,403.7,1
864,8176.58,82.02,3,4.65,79.9,23,1.27,7.65,3.75,97.65,2,4310.49,0.487,6.51,227.86,1
578,6350.02,91.84,4,2.78,72.42,15,1.41,6.46,5.39,86.12,2,1612.85,0.329,9.27,115.24,1
565,6801.66,85.14,3,2.47,87.78,15,3.17,4.95,1.08,92.55,6,2141.12,0.204,6.08,470.13,1
194,6069.57,90.86,2,1.73,69.63,18,0.02,3.34,9.53,98.47,4,3516.27,0.411,8.39,496.8,1
119,19847.35,86.41,3,3.46,90.91,5,3.64,6.04,9.06,83.43,0,1736.97,0.45,7.49,150.81,1
459,6110.87,85.67,4,3.06,71.46,4,1.89,4.55,8.26,96.01,2,2212.47,0.467,5.73,374.25,1
999,6988.13,91.48,2,1.46,84.83,8,4.89,9.3,8.93,92.63,4,2867.65,0.473,4.27,270.06,1
926,17408.82,83.67,5,3.69,91.97,11,3.46,6.27,1.47,96.26,1,1912.44,0.462,1.03,159.41,1
666,13703.6,89.38,5,3.4,75.42,18,0.26,8.93,5.04,83.41,6,4969.65,0.356,3.26,499.24,1
668,16616.26,93.02,4,2.29,61.87,6,0.46,5.12,3.18,88.68,3,1653.78,0.237,9.57,473.29,1
452,14463.68,82.56,5,0.52,81.42,14,0.44,8.62,8.87,82.58,3,4399.75,0.47,3.48,493.04,1
259,18232.63,98.61,2,2.51,99.82,0,4.76,2.45,1.89,99.2,1,2880.4,0.149,7.77,157.56,0
107,14577.01,90.11,0,0.53,98.76,0,3.42,4.38,2.2,81.25,5,1516.49,0.168,5.58,296.77,0
405,12831.88,96.39,2,0.84,68.84,24,2.14,2.63,6.87,81.31,2,1473.94,0.274,3.78,458.31,1
385,15691.25,93.08,4,2.44,90.23,21,1.0,2.25,0.89,97.96,6,3001.18,0.213,9.92,370.06,0
272,11710.89,94.2,4,0.87,73.8,21,4.37,9.35,7.32,86.02,10,2414.08,0.346,1.42,273.84,1
333,10190.96,94.32,2,1.74,66.41,8,1.01,7.73,2.68,91.94,10,1938.41,0.462,6.24,306.68,1
122,12014.79,97.5,1,3.45,86.64,12,3.53,7.0,6.61,85.75,7,4835.76,0.296,5.15,115.44,1
647,7545.71,92.27,2,1.89,80.03,16,3.82,6.26,8.73,92.98,8,2853.52,0.322,1.69,344.61,1
935,16948.58,85.56,4,4.99,81.57,6,1.47,6.56,6.1,83.85,10,4715.24,0.269,2.93,443.89,1
722,8910.56,81.99,0,4.62,93.1,18,2.52,7.11,2.13,89.18,7,1656.0,0.383,7.25,101.12,1
503,7302.97,92.13,1,3.13,73.46,17,1.11,8.61,0.49,90.67,2,1733.86,0.14,1.97,163.99,0
478,8695.28,81.33,1,4.85,86.68,10,1.89,6.78,0.45,86.67,5,3384.11,0.119,8.21,307.2,1
377,17631.05,84.83,4,4.41,74.65,10,4.83,7.99,0.89,85.03,9,2079.5,0.357,6.63,324.39,1
228,9953.02,81.21,2,1.94,61.71,7,3.47,4.25,5.8,82.8,7,1739.75,0.314,1.91,237.34,1
639,15290.75,90.98,0,3.87,75.12,20,4.23,9.81,3.48,94.12,3,1378.74,0.263,3.58,111.17,1
610,17846.14,83.21,1,1.12,98.0,24,2.7,2.26,2.43,83.37,1,1305.08,0.234,2.23,397.44,1
106,6166.17,92.21,0,3.58,79.33,24,1.2,5.09,2.19,85.84,1,4012.67,0.121,8.18,197.17,0
474,16475.37,95.82,2,2.71,64.33,19,3.56,9.06,9.49,86.74,4,2128.65,0.372,5.8,357.83,1
350,9614.98,96.44,5,0.58,87.51,8,2.5,3.44,1.19,89.09,8,4913.68,0.269,1.03,323.66,0
253,8249.34,86.19,3,1.73,98.54,19,0.88,3.13,3.05,94.05,6,1732.48,0.278,5.89,272.34,0
733,15333.52,90.98,5,4.8,96.32,6,2.06,4.92,4.71,88.56,0,2417.79,0.457,5.35,336.12,1
573,18646.95,91.26,4,1.92,82.88,22,3.17,5.43,0.0,97.42,10,2499.63,0.395,6.79,378.02,0
671,9425.29,89.46,5,1.32,75.05,6,3.68,9.47,9.21,93.6,4,3000.61,0.188,1.31,328.9,1
742,13532.51,93.1,1,1.34,83.23,10,1.22,8.69,0.99,96.77,4,4482.54,0.363,1.32,323.01,0
984,9347.51,84.2,5,2.66,92.64,2,4.38,5.71,6.82,94.33,9,4339.08,0.153,4.14,274.43,1
823,13314.28,99.58,1,4.29,94.45,2,1.9,9.78,6.29,82.97,4,1039.83,0.178,7.2,272.01,1
658,14327.93,81.96,2,3.91,92.75,9,1.36,7.14,8.09,99.56,6,2637.02,0.386,7.0,296.39,1
